"name","notch","supername","package","side"
"EntityEnderCrystal","ef","Entity","net/minecraft/src","0"
"RecipesArmor","sj","","net/minecraft/src","0"
"BiomeGenHills","afn","BiomeGenBase","net/minecraft/src","0"
"ComponentVillage","agc","StructureComponent","net/minecraft/src","0"
"ModelSheep1","de","ModelQuadruped","net/minecraft/src","0"
"Packet1Login","acb","Packet","net/minecraft/src","0"
"GuiDownloadTerrain","et","GuiScreen","net/minecraft/src","0"
"StatTypeTime","bi","","net/minecraft/src","0"
"IProgressUpdate","qy","","net/minecraft/src","0"
"EntityDragonBase","ahe","EntityLiving","net/minecraft/src","0"
"InventoryCraftResult","aia","","net/minecraft/src","0"
"SaveOldDir","abh","SaveHandler","net/minecraft/src","0"
"ItemHoe","hp","Item","net/minecraft/src","0"
"EntityFX","qv","Entity","net/minecraft/src","0"
"Packet54PlayNoteBlock","pk","Packet","net/minecraft/src","0"
"BlockNetherrack","rd","Block","net/minecraft/src","0"
"IBlockAccess","aiw","","net/minecraft/src","0"
"RenderManager","afq","","net/minecraft/src","0"
"EntityEnderman","is","EntityMob","net/minecraft/src","0"
"EntityAuraFX","wi","EntityFX","net/minecraft/src","0"
"BlockRedstoneRepeater","qa","Block","net/minecraft/src","0"
"ModelMinecart","abs","ModelBase","net/minecraft/src","0"
"RenderDragon","nu","RenderLiving","net/minecraft/src","0"
"Packet2Handshake","ir","Packet","net/minecraft/src","0"
"PlayerControllerCreative","ade","PlayerController","net/minecraft/src","0"
"RenderGlobal","l","","net/minecraft/src","0"
"J_JsonArrayNodeBuilder","va","","net/minecraft/src","0"
"ItemRecord","afy","Item","net/minecraft/src","0"
"WorldGenFlowers","sx","WorldGenerator","net/minecraft/src","0"
"BlockTallGrass","mf","BlockFlower","net/minecraft/src","0"
"ComponentStrongholdCrossing","ahj","ComponentStronghold","net/minecraft/src","0"
"ModelBoat","vl","ModelBase","net/minecraft/src","0"
"ModelChest","aez","ModelBase","net/minecraft/src","0"
"EnchantmentArrowKnockback","pm","Enchantment","net/minecraft/src","0"
"ThreadedFileIOBase","by","","net/minecraft/src","0"
"EntityFlying","aid","EntityLiving","net/minecraft/src","0"
"EnumCreatureAttribute","bh","","net/minecraft/src","0"
"EffectRenderer","cq","","net/minecraft/src","0"
"RegionFileChunkBuffer","xx","","net/minecraft/src","0"
"SoundPool","xr","","net/minecraft/src","0"
"GuiSlotStatsBlock","el","GuiSlotStats","net/minecraft/src","0"
"NetworkReaderThread","qo","","net/minecraft/src","0"
"GuiConflictWarning","adw","GuiScreen","net/minecraft/src","0"
"MaterialPortal","acv","Material","net/minecraft/src","0"
"Packet106Transaction","jy","Packet","net/minecraft/src","0"
"INavigate","du","","net/minecraft/src","0"
"MovingObjectPosition","on","","net/minecraft/src","0"
"EntitySpellParticleFX","pa","EntityFX","net/minecraft/src","0"
"BlockTNT","ac","Block","net/minecraft/src","0"
"Material","aan","","net/minecraft/src","0"
"ComponentNetherBridgeStraight","ct","ComponentNetherBridgePiece","net/minecraft/src","0"
"BlockStationary","abz","BlockFluid","net/minecraft/src","0"
"ChunkPosition","pr","","net/minecraft/src","0"
"BlockLeavesBase","jq","Block","net/minecraft/src","0"
"NextTickListEntry","lt","","net/minecraft/src","0"
"J_SajParser","an","","net/minecraft/src","0"
"InventoryCrafting","abe","","net/minecraft/src","0"
"ComponentStrongholdRightTurn","kd","ComponentStrongholdLeftTurn","net/minecraft/src","0"
"EntityPigZombie","ajf","EntityZombie","net/minecraft/src","0"
"Facing","pv","","net/minecraft/src","0"
"Gui","nr","","net/minecraft/src","0"
"GenLayerSnow","sp","GenLayer","net/minecraft/src","0"
"EntityFootStepFX","wv","EntityFX","net/minecraft/src","0"
"FontRenderer","mq","","net/minecraft/src","0"
"GuiSlider","ahp","GuiButton","net/minecraft/src","0"
"RenderItem","su","Render","net/minecraft/src","0"
"ItemStack","yq","","net/minecraft/src","0"
"ItemPotion","ed","Item","net/minecraft/src","0"
"Packet31RelEntityMove","mz","Packet30Entity","net/minecraft/src","0"
"RenderGiantZombie","ajk","RenderLiving","net/minecraft/src","0"
"SaveFormatOld","afw","","net/minecraft/src","0"
"EntityClientPlayerMP","afr","EntityPlayerSP","net/minecraft/src","0"
"EntityAITaskEntry","pc","","net/minecraft/src","0"
"MaterialWeb","zg","Material","net/minecraft/src","0"
"EntityPortalFX","aco","EntityFX","net/minecraft/src","0"
"BlockFence","zj","Block","net/minecraft/src","0"
"KeyBinding","ads","","net/minecraft/src","0"
"MapGenStructure","aeq","MapGenBase","net/minecraft/src","0"
"BlockLeaves","tb","BlockLeavesBase","net/minecraft/src","0"
"BlockNote","ado","BlockContainer","net/minecraft/src","0"
"BlockLockedChest","zy","Block","net/minecraft/src","0"
"BiomeGenDesert","afk","BiomeGenBase","net/minecraft/src","0"
"StructureVillagePieceWeight","do","","net/minecraft/src","0"
"EnchantmentDigging","un","Enchantment","net/minecraft/src","0"
"StatsSyncher","tv","","net/minecraft/src","0"
"EnumDoorHelper","ao","","net/minecraft/src","0"
"EntityFallingSand","zi","Entity","net/minecraft/src","0"
"ChunkFilePattern","aet","","net/minecraft/src","0"
"J_LeafFunctor","ay","","net/minecraft/src","0"
"ItemEnderEye","oq","Item","net/minecraft/src","0"
"ModelEnderman","ta","ModelBiped","net/minecraft/src","0"
"Packet28EntityVelocity","ws","Packet","net/minecraft/src","0"
"ComponentVillagePathGen","afz","ComponentVillageRoadPiece","net/minecraft/src","0"
"MapGenStronghold","wa","MapGenStructure","net/minecraft/src","0"
"J_JsonTrueNodeBuilder","agf","","net/minecraft/src","0"
"WorldGenDeadBush","zz","WorldGenerator","net/minecraft/src","0"
"ISaveHandler","aif","","net/minecraft/src","0"
"BlockFenceGate","agx","Block","net/minecraft/src","0"
"Packet130UpdateSign","ago","Packet","net/minecraft/src","0"
"RenderSlime","ip","RenderLiving","net/minecraft/src","0"
"WorldProviderEnd","hv","WorldProvider","net/minecraft/src","0"
"RenderArrow","ih","Render","net/minecraft/src","0"
"ComponentNetherBridgeCrossing3","li","ComponentNetherBridgePiece","net/minecraft/src","0"
"ItemPainting","ajm","Item","net/minecraft/src","0"
"CodecMus","yf","","net/minecraft/src","0"
"GuiChest","xq","GuiContainer","net/minecraft/src","0"
"MinecraftError","qw","","net/minecraft/src","0"
"EntityAIBase","qf","","net/minecraft/src","0"
"EnchantmentKnockback","la","Enchantment","net/minecraft/src","0"
"WorldGenDungeons","dl","WorldGenerator","net/minecraft/src","0"
"ItemRenderer","lv","","net/minecraft/src","0"
"WorldGenSand","en","WorldGenerator","net/minecraft/src","0"
"SoundPoolEntry","sy","","net/minecraft/src","0"
"RenderLiving","ey","Render","net/minecraft/src","0"
"BlockCactus","acp","Block","net/minecraft/src","0"
"PacketCount","ahx","","net/minecraft/src","0"
"EntityPlayer","xb","EntityLiving","net/minecraft/src","0"
"ItemColored","ain","ItemBlock","net/minecraft/src","0"
"BiomeGenBase","zp","","net/minecraft/src","0"
"MaterialLiquid","afb","Material","net/minecraft/src","0"
"SaveConverterMcRegion","fi","SaveFormatOld","net/minecraft/src","0"
"PlayerControllerSP","acq","PlayerController","net/minecraft/src","0"
"Packet12PlayerLook","os","Packet10Flying","net/minecraft/src","0"
"ThreadCloseConnection","qm","","net/minecraft/src","0"
"ContainerEnchantment","gc","Container","net/minecraft/src","0"
"LoadingScreenRenderer","io","","net/minecraft/src","0"
"Packet6SpawnPosition","aej","Packet","net/minecraft/src","0"
"BlockBreakable","go","Block","net/minecraft/src","0"
"TextureWaterFlowFX","ack","TextureFX","net/minecraft/src","0"
"BiomeGenSnow","kx","BiomeGenBase","net/minecraft/src","0"
"IChunkProvider","bs","","net/minecraft/src","0"
"EntityCloudFX","agu","EntityFX","net/minecraft/src","0"
"TileEntityEndPortal","bp","TileEntity","net/minecraft/src","0"
"EntityXPOrb","bt","Entity","net/minecraft/src","0"
"ComponentStrongholdPortalRoom","aam","ComponentStronghold","net/minecraft/src","0"
"StructureBoundingBox","pl","","net/minecraft/src","0"
"BlockMushroom","aft","BlockFlower","net/minecraft/src","0"
"PathFinder","wf","","net/minecraft/src","0"
"EntityDragon","nt","EntityDragonBase","net/minecraft/src","0"
"ThreadCheckHasPaid","hc","","net/minecraft/src","0"
"WorldGenLakes","cl","WorldGenerator","net/minecraft/src","0"
"LongHashMapEntry","lp","","net/minecraft/src","0"
"WorldRenderer","cm","","net/minecraft/src","0"
"WorldGenLiquids","qr","WorldGenerator","net/minecraft/src","0"
"BlockObsidian","vo","BlockStone","net/minecraft/src","0"
"ThreadStatSyncherReceive","ov","","net/minecraft/src","0"
"SoundManager","rg","","net/minecraft/src","0"
"RenderPig","ij","RenderLiving","net/minecraft/src","0"
"EntitySuspendFX","kh","EntityFX","net/minecraft/src","0"
"J_JsonStringNodeBuilder","f","","net/minecraft/src","0"
"RenderList","ng","","net/minecraft/src","0"
"WorldGenTallGrass","sn","WorldGenerator","net/minecraft/src","0"
"Packet13PlayerLookMove","dp","Packet10Flying","net/minecraft/src","0"
"ThreadDownloadImageData","dh","","net/minecraft/src","0"
"ModelRenderer","ps","","net/minecraft/src","0"
"GuiSleepMP","wp","GuiChat","net/minecraft/src","0"
"StructureStrongholdPieceWeight3","ap","StructureStrongholdPieceWeight","net/minecraft/src","0"
"BlockIce","jl","BlockBreakable","net/minecraft/src","0"
"TileEntityMobSpawner","cd","TileEntity","net/minecraft/src","0"
"EnchantmentArrowFire","eu","Enchantment","net/minecraft/src","0"
"Packet107CreativeSetSlot","cv","Packet","net/minecraft/src","0"
"RenderBlocks","uc","","net/minecraft/src","0"
"ComponentStrongholdStairs2","s","ComponentStrongholdStairs","net/minecraft/src","0"
"EntityWolf","wt","EntityAnimal","net/minecraft/src","0"
"ItemDoor","xv","Item","net/minecraft/src","0"
"TexturePackCustom","ahk","TexturePackBase","net/minecraft/src","0"
"WorldInfo","ve","","net/minecraft/src","0"
"Packet","zu","","net/minecraft/src","0"
"CanvasMojangLogo","ei","","net/minecraft/src","0"
"EntitySnowball","tl","EntityThrowable","net/minecraft/src","0"
"ItemShears","be","Item","net/minecraft/src","0"
"EntityVillager","dy","EntityCreature","net/minecraft/src","0"
"Entity","ms","","net/minecraft/src","0"
"StructureNetherBridgePieceWeight","afh","","net/minecraft/src","0"
"IChunkLoader","sw","","net/minecraft/src","0"
"EntityAITasks","mh","","net/minecraft/src","0"
"GuiWinGame","c","GuiScreen","net/minecraft/src","0"
"J_JsonNodeFactories","ka","","net/minecraft/src","0"
"EntitySnowmanBase","aic","EntityCreature","net/minecraft/src","0"
"GuiButtonLanguage","abq","GuiButton","net/minecraft/src","0"
"SorterStatsBlock","adn","","net/minecraft/src","0"
"BlockRedstoneOre","tf","Block","net/minecraft/src","0"
"StructureMineshaftPieces","gf","","net/minecraft/src","0"
"EnchantmentUntouching","aak","Enchantment","net/minecraft/src","0"
"J_JsonNodeDoesNotMatchPathElementsException","sm","J_JsonNodeDoesNotMatchJsonNodeSelectorException","net/minecraft/src","0"
"RenderBiped","sf","RenderLiving","net/minecraft/src","0"
"ServerNBTStorage","ne","","net/minecraft/src","0"
"NBTTagDouble","afi","NBTBase","net/minecraft/src","0"
"ScreenShotHelper","xl","","net/minecraft/src","0"
"GuiControls","oc","GuiScreen","net/minecraft/src","0"
"BlockDetectorRail","add","BlockRail","net/minecraft/src","0"
"ChatAllowedCharacters","vx","","net/minecraft/src","0"
"AxisAlignedBB","vi","","net/minecraft/src","0"
"WorldGenMinable","ec","WorldGenerator","net/minecraft/src","0"
"TexturedQuad","nq","","net/minecraft/src","0"
"ItemBucketMilk","og","Item","net/minecraft/src","0"
"ComponentNetherBridgeNetherStalkRoom","vk","ComponentNetherBridgePiece","net/minecraft/src","0"
"GenLayerVillageLandscape","afu","GenLayer","net/minecraft/src","0"
"GenLayerSwampRivers","ahd","GenLayer","net/minecraft/src","0"
"TileEntitySign","rf","TileEntity","net/minecraft/src","0"
"ComponentStrongholdLeftTurn","nl","ComponentStronghold","net/minecraft/src","0"
"BlockStone","dj","Block","net/minecraft/src","0"
"Packet100OpenWindow","gh","Packet","net/minecraft/src","0"
"ComponentNetherBridgeStairs","abp","ComponentNetherBridgePiece","net/minecraft/src","0"
"ComponentVillageWoodHut","aju","ComponentVillage","net/minecraft/src","0"
"TileEntityChestRenderer","ahi","TileEntitySpecialRenderer","net/minecraft/src","0"
"Packet23VehicleSpawn","mt","Packet","net/minecraft/src","0"
"PathPoint","e","","net/minecraft/src","0"
"ModelGhast","aao","ModelBase","net/minecraft/src","0"
"BiomeGenEnd","fr","BiomeGenBase","net/minecraft/src","0"
"ContainerCreative","nv","Container","net/minecraft/src","0"
"EntitySlime","agt","EntityLiving","net/minecraft/src","0"
"ModelBox","ky","","net/minecraft/src","0"
"Packet102WindowClick","aee","Packet","net/minecraft/src","0"
"ItemSoup","bl","ItemFood","net/minecraft/src","0"
"WorldGenSwamp","bc","WorldGenerator","net/minecraft/src","0"
"EntityEgg","ph","EntityThrowable","net/minecraft/src","0"
"RenderMinecart","afj","Render","net/minecraft/src","0"
"ModelMagmaCube","rz","ModelBase","net/minecraft/src","0"
"GuiOptions","bx","GuiScreen","net/minecraft/src","0"
"Packet43Experience","hu","Packet","net/minecraft/src","0"
"GuiSlotServer","pj","GuiSlot","net/minecraft/src","0"
"TextureLavaFlowFX","fv","TextureFX","net/minecraft/src","0"
"ColorizerFoliage","gk","","net/minecraft/src","0"
"EntityBubbleFX","tz","EntityFX","net/minecraft/src","0"
"GuiContainer","ft","GuiScreen","net/minecraft/src","0"
"EnumDoor","lo","","net/minecraft/src","0"
"GenLayerMushroomIsland","gv","GenLayer","net/minecraft/src","0"
"EnumOptionsMappingHelper","vz","","net/minecraft/src","0"
"MaterialTransparent","ib","Material","net/minecraft/src","0"
"ISaveFormat","jn","","net/minecraft/src","0"
"GuiFurnace","ke","GuiContainer","net/minecraft/src","0"
"ComponentMineshaftCorridor","nd","StructureComponent","net/minecraft/src","0"
"TextureWatchFX","hg","TextureFX","net/minecraft/src","0"
"EntityItem","fj","Entity","net/minecraft/src","0"
"EntityPlayerSP","uh","EntityPlayer","net/minecraft/src","0"
"GenLayerRiverMix","aib","GenLayer","net/minecraft/src","0"
"NBTTagShort","nz","NBTBase","net/minecraft/src","0"
"EnumToolMaterial","tg","","net/minecraft/src","0"
"BlockCake","ny","Block","net/minecraft/src","0"
"ItemBoat","ahb","Item","net/minecraft/src","0"
"BlockPressurePlate","th","Block","net/minecraft/src","0"
"EntityRenderer","kz","","net/minecraft/src","0"
"ClippingHelper","ur","","net/minecraft/src","0"
"SpawnListEntry","bd","WeightedRandomChoice","net/minecraft/src","0"
"EntitySkeleton","wb","EntityMob","net/minecraft/src","0"
"BlockFluid","aes","Block","net/minecraft/src","0"
"J_ThingWithPosition","dm","","net/minecraft/src","0"
"EnchantmentProtection","ly","Enchantment","net/minecraft/src","0"
"EnchantmentArrowInfinite","u","Enchantment","net/minecraft/src","0"
"PathEntity","uk","","net/minecraft/src","0"
"EntityBreakingFX","km","EntityFX","net/minecraft/src","0"
"Render","ti","","net/minecraft/src","0"
"BlockSoulSand","acd","Block","net/minecraft/src","0"
"RenderSnowMan","adl","RenderLiving","net/minecraft/src","0"
"TileEntityPiston","nx","TileEntity","net/minecraft/src","0"
"BlockJukeBox","vv","BlockContainer","net/minecraft/src","0"
"StepSoundStone","ai","StepSound","net/minecraft/src","0"
"ItemLilyPad","aen","ItemColored","net/minecraft/src","0"
"ItemSlab","vh","ItemBlock","net/minecraft/src","0"
"ModelWolf","ry","ModelBase","net/minecraft/src","0"
"GuiYesNo","lq","GuiScreen","net/minecraft/src","0"
"Packet42RemoveEntityEffect","abo","Packet","net/minecraft/src","0"
"ItemPiston","aeb","ItemBlock","net/minecraft/src","0"
"Packet4UpdateTime","xk","Packet","net/minecraft/src","0"
"EntityFishHook","aau","Entity","net/minecraft/src","0"
"EntityAISwimming","agw","EntityAIBase","net/minecraft/src","0"
"GuiAchievements","qq","GuiScreen","net/minecraft/src","0"
"EntityDamageSource","fe","DamageSource","net/minecraft/src","0"
"EnumArt","ge","","net/minecraft/src","0"
"Packet29DestroyEntity","aev","Packet","net/minecraft/src","0"
"EnumSkyBlock","uy","","net/minecraft/src","0"
"TextureFX","sr","","net/minecraft/src","0"
"CompressedStreamTools","ar","","net/minecraft/src","0"
"BiomeCacheBlock","agm","","net/minecraft/src","0"
"ThreadedChunkLoader","act","","net/minecraft/src","0"
"EntitySpider","bv","EntityMob","net/minecraft/src","0"
"GuiSlotStats","gg","GuiSlot","net/minecraft/src","0"
"StructureVillageStart","wh","StructureStart","net/minecraft/src","0"
"EntityMinecart","ajl","Entity","net/minecraft/src","0"
"ItemSnowball","co","Item","net/minecraft/src","0"
"EntityAnimal","ba","EntityCreature","net/minecraft/src","0"
"EntityPotion","bg","EntityThrowable","net/minecraft/src","0"
"IMob","vr","","net/minecraft/src","0"
"J_Functor","rh","","net/minecraft/src","0"
"ModelBiped","vs","ModelBase","net/minecraft/src","0"
"BlockDoor","aad","Block","net/minecraft/src","0"
"WatchableObject","aay","","net/minecraft/src","0"
"BlockCrops","jj","BlockFlower","net/minecraft/src","0"
"RecipesIngots","afv","","net/minecraft/src","0"
"GuiSmallButton","x","GuiButton","net/minecraft/src","0"
"ModelDragon","aih","ModelBase","net/minecraft/src","0"
"StepSound","ua","","net/minecraft/src","0"
"ScaledResolution","aec","","net/minecraft/src","0"
"Packet7UseEntity","a","Packet","net/minecraft/src","0"
"RenderWolf","ahy","RenderLiving","net/minecraft/src","0"
"GuiVideoSettings","jk","GuiScreen","net/minecraft/src","0"
"GuiSlotStatsItem","bq","GuiSlotStats","net/minecraft/src","0"
"EntityLavaFX","dx","EntityFX","net/minecraft/src","0"
"Session","ev","","net/minecraft/src","0"
"Packet105UpdateProgressbar","ix","Packet","net/minecraft/src","0"
"BiomeGenMushroomIsland","gb","BiomeGenBase","net/minecraft/src","0"
"ModelBook","kt","ModelBase","net/minecraft/src","0"
"SlotCrafting","ajx","Slot","net/minecraft/src","0"
"MapStorage","xf","","net/minecraft/src","0"
"J_JsonFieldNodeSelector","ady","J_LeafFunctor","net/minecraft/src","0"
"StructureStrongholdPieceWeight","afe","","net/minecraft/src","0"
"MusInputStream","abt","","net/minecraft/src","0"
"WorldGenFire","qs","WorldGenerator","net/minecraft/src","0"
"BlockStep","ajr","Block","net/minecraft/src","0"
"StatBasic","qz","StatBase","net/minecraft/src","0"
"BlockRedstoneWire","aff","Block","net/minecraft/src","0"
"BlockGrass","qb","Block","net/minecraft/src","0"
"Explosion","aef","","net/minecraft/src","0"
"OpenGlHelper","em","","net/minecraft/src","0"
"GuiSlotStatsGeneral","mx","GuiSlot","net/minecraft/src","0"
"ComponentStrongholdPrison","acw","ComponentStronghold","net/minecraft/src","0"
"ItemEgg","abc","Item","net/minecraft/src","0"
"StructureVillagePieces","rb","","net/minecraft/src","0"
"BlockRail","acy","Block","net/minecraft/src","0"
"ComponentVillageChurch","acs","ComponentVillage","net/minecraft/src","0"
"ComponentNetherBridgeThrone","ahr","ComponentNetherBridgePiece","net/minecraft/src","0"
"MapGenRavine","qh","MapGenBase","net/minecraft/src","0"
"GuiEditSign","ajg","GuiScreen","net/minecraft/src","0"
"BlockOre","iv","Block","net/minecraft/src","0"
"BiomeGenPlains","ji","BiomeGenBase","net/minecraft/src","0"
"GuiScreen","ug","Gui","net/minecraft/src","0"
"DataWatcher","agh","","net/minecraft/src","0"
"PotionHelper","hl","","net/minecraft/src","0"
"Packet20NamedEntitySpawn","ik","Packet","net/minecraft/src","0"
"SlotBrewingStandIngredient","ue","Slot","net/minecraft/src","0"
"ItemCoal","mg","Item","net/minecraft/src","0"
"MovementInputFromOptions","hw","MovementInput","net/minecraft/src","0"
"ActiveRenderInfo","yx","","net/minecraft/src","0"
"EntityEnderEye","tt","Entity","net/minecraft/src","0"
"Packet3Chat","adc","Packet","net/minecraft/src","0"
"TileEntityBrewingStand","ajn","TileEntity","net/minecraft/src","0"
"GuiTexturePackSlot","ch","GuiSlot","net/minecraft/src","0"
"EntityEggInfo","he","","net/minecraft/src","0"
"BlockMycelium","aje","Block","net/minecraft/src","0"
"EntityGiantZombie","jr","EntityMob","net/minecraft/src","0"
"CanvasMinecraftApplet","o","","net/minecraft/src","0"
"EnumOS2","acz","","net/minecraft/src","0"
"Packet38EntityStatus","gj","Packet","net/minecraft/src","0"
"ItemArmor","po","Item","net/minecraft/src","0"
"EnumAction","yt","","net/minecraft/src","0"
"GuiParticle","uu","Gui","net/minecraft/src","0"
"ComponentStrongholdStairs","fu","ComponentStronghold","net/minecraft/src","0"
"GuiScreenServerList","aaz","GuiScreen","net/minecraft/src","0"
"Packet33RelEntityMoveLook","lb","Packet30Entity","net/minecraft/src","0"
"TextureWaterFX","pd","TextureFX","net/minecraft/src","0"
"AchievementMap","b","","net/minecraft/src","0"
"Potion","yg","","net/minecraft/src","0"
"ComponentVillageTorch","acu","ComponentVillage","net/minecraft/src","0"
"TextureOffset","sg","","net/minecraft/src","0"
"BlockSand","wu","Block","net/minecraft/src","0"
"StructureStrongholdStones","ahc","StructurePieceBlockSelector","net/minecraft/src","0"
"WorldGenPumpkin","aii","WorldGenerator","net/minecraft/src","0"
"NBTTagCompound","abx","NBTBase","net/minecraft/src","0"
"WorldGenGlowStone2","mo","WorldGenerator","net/minecraft/src","0"
"ModelSkeleton","hr","ModelZombie","net/minecraft/src","0"
"EntityAIWatchClosest","nf","EntityAIBase","net/minecraft/src","0"
"Packet41EntityEffect","uq","Packet","net/minecraft/src","0"
"ComponentMineshaftCross","jm","StructureComponent","net/minecraft/src","0"
"ICrafting","uz","","net/minecraft/src","0"
"GuiInventory","agi","GuiContainer","net/minecraft/src","0"
"ItemFishingRod","ub","Item","net/minecraft/src","0"
"EntitySquid","aiz","EntityWaterMob","net/minecraft/src","0"
"BiomeGenForest","aei","BiomeGenBase","net/minecraft/src","0"
"EntityCaveSpider","fg","EntitySpider","net/minecraft/src","0"
"GuiSelectWorld","md","GuiScreen","net/minecraft/src","0"
"GuiIngameMenu","kk","GuiScreen","net/minecraft/src","0"
"MapGenCavesHell","adg","MapGenBase","net/minecraft/src","0"
"ChunkProviderClient","of","","net/minecraft/src","0"
"NBTTagFloat","m","NBTBase","net/minecraft/src","0"
"PotionEffect","aiu","","net/minecraft/src","0"
"ComponentStrongholdStraight","jz","ComponentStronghold","net/minecraft/src","0"
"ComponentNetherBridgePiece","yv","StructureComponent","net/minecraft/src","0"
"TileEntityFurnace","afd","TileEntity","net/minecraft/src","0"
"EntityLiving","aar","Entity","net/minecraft/src","0"
"LayerIsland","acx","GenLayer","net/minecraft/src","0"
"IInvBasic","xu","","net/minecraft/src","0"
"TileEntityEnchantmentTable","ts","TileEntity","net/minecraft/src","0"
"PositionTextureVertex","xz","","net/minecraft/src","0"
"ChunkLoader","nm","","net/minecraft/src","0"
"GenLayerIsland","tp","GenLayer","net/minecraft/src","0"
"ModelBlaze","ahu","ModelBase","net/minecraft/src","0"
"GuiErrorScreen","sh","GuiScreen","net/minecraft/src","0"
"BlockWeb","mc","Block","net/minecraft/src","0"
"ModelBase","hb","","net/minecraft/src","0"
"GuiIngame","agq","Gui","net/minecraft/src","0"
"ItemSapling","iu","ItemBlock","net/minecraft/src","0"
"ComponentVillageField","k","ComponentVillage","net/minecraft/src","0"
"EmptyChunk","aag","Chunk","net/minecraft/src","0"
"J_JsonFormatter","in","","net/minecraft/src","0"
"ModelSheep2","iy","ModelQuadruped","net/minecraft/src","0"
"ComponentVillageField2","pi","ComponentVillage","net/minecraft/src","0"
"GuiTexturePacks","eg","GuiScreen","net/minecraft/src","0"
"NBTTagString","air","NBTBase","net/minecraft/src","0"
"ChunkProviderLoadOrGenerate","hj","","net/minecraft/src","0"
"J_JsonFalseNodeBuilder","age","","net/minecraft/src","0"
"ChunkBlockMap","ahf","","net/minecraft/src","0"
"GenLayerRiver","xm","GenLayer","net/minecraft/src","0"
"SaveHandler","eb","","net/minecraft/src","0"
"ShapelessRecipes","aga","","net/minecraft/src","0"
"TextureFlamesFX","mn","TextureFX","net/minecraft/src","0"
"RenderCow","agz","RenderLiving","net/minecraft/src","0"
"BlockSponge","qi","Block","net/minecraft/src","0"
"BlockStem","ach","BlockFlower","net/minecraft/src","0"
"ItemMinecart","aeo","Item","net/minecraft/src","0"
"BlockWorkbench","ea","Block","net/minecraft/src","0"
"Packet26EntityExpOrb","ks","Packet","net/minecraft/src","0"
"MapGenVillage","al","MapGenStructure","net/minecraft/src","0"
"BiomeGenRiver","ja","BiomeGenBase","net/minecraft/src","0"
"Packet201PlayerInfo","uw","Packet","net/minecraft/src","0"
"EntityCreature","yc","EntityLiving","net/minecraft/src","0"
"Teleporter","oa","","net/minecraft/src","0"
"BlockNetherStalk","qt","BlockFlower","net/minecraft/src","0"
"StructureStrongholdPieceWeight2","aq","StructureStrongholdPieceWeight","net/minecraft/src","0"
"MapColor","uv","","net/minecraft/src","0"
"StructureStrongholdPieces","ze","","net/minecraft/src","0"
"RailLogic","oy","","net/minecraft/src","0"
"MapCoord","st","","net/minecraft/src","0"
"Achievement","aca","StatBase","net/minecraft/src","0"
"J_JsonNodeDoesNotMatchChainedJsonNodeSelectorException","abk","J_JsonNodeDoesNotMatchJsonNodeSelectorException","net/minecraft/src","0"
"J_JsonListenerToJdomAdapter","aas","","net/minecraft/src","0"
"TileEntityRecordPlayer","df","TileEntity","net/minecraft/src","0"
"GenLayerHills","am","GenLayer","net/minecraft/src","0"
"CanvasIsomPreview","sv","","net/minecraft/src","0"
"ImageBufferDownload","me","","net/minecraft/src","0"
"ComponentVillageHouse1","ahs","ComponentVillage","net/minecraft/src","0"
"J_JsonNumberNode","yp","J_JsonNode","net/minecraft/src","0"
"MouseHelper","ahq","","net/minecraft/src","0"
"GuiLanguage","adt","GuiScreen","net/minecraft/src","0"
"StatFileWriter","ait","","net/minecraft/src","0"
"BiomeGenOcean","sk","BiomeGenBase","net/minecraft/src","0"
"EnumOptions","xt","","net/minecraft/src","0"
"WorldClient","iq","World","net/minecraft/src","0"
"BiomeDecorator","wn","","net/minecraft/src","0"
"BlockDragonEgg","cy","Block","net/minecraft/src","0"
"BlockPistonMoving","od","BlockContainer","net/minecraft/src","0"
"MinecraftImpl","hd","Minecraft","net/minecraft/src","0"
"Path","aae","","net/minecraft/src","0"
"J_JsonFieldBuilder","adk","","net/minecraft/src","0"
"Item","ww","","net/minecraft/src","0"
"J_JsonObjectNodeList","kj","","net/minecraft/src","0"
"TileEntity","kf","","net/minecraft/src","0"
"BlockFlowing","kb","BlockFluid","net/minecraft/src","0"
"EnumOSMappingHelper","ha","","net/minecraft/src","0"
"ComponentStrongholdChestCorridor","wx","ComponentStronghold","net/minecraft/src","0"
"WorldGenTaiga1","kw","WorldGenerator","net/minecraft/src","0"
"InventoryPlayer","yn","","net/minecraft/src","0"
"Slot","wz","","net/minecraft/src","0"
"Direction","yy","","net/minecraft/src","0"
"ModelVillager","tu","ModelBase","net/minecraft/src","0"
"EntityRainFX","qj","EntityFX","net/minecraft/src","0"
"ItemBed","aaq","Item","net/minecraft/src","0"
"Packet108EnchantItem","kq","Packet","net/minecraft/src","0"
"EntityCreeper","wk","EntityMob","net/minecraft/src","0"
"Packet101CloseWindow","abd","Packet","net/minecraft/src","0"
"EntitySmallFireball","pe","EntityFireball","net/minecraft/src","0"
"Packet24MobSpawn","zb","Packet","net/minecraft/src","0"
"J_InvalidSyntaxException","ais","","net/minecraft/src","0"
"ItemRedstone","yb","Item","net/minecraft/src","0"
"ThreadedChunkLoaderPending","rc","","net/minecraft/src","0"
"Packet14BlockDig","gr","Packet","net/minecraft/src","0"
"OpenGlCapsChecker","ud","","net/minecraft/src","0"
"J_JsonStringNode","lc","J_JsonNode","net/minecraft/src","0"
"MapInfo","mp","","net/minecraft/src","0"
"NetClientHandler","abm","NetHandler","net/minecraft/src","0"
"EntityMoveHelper","i","","net/minecraft/src","0"
"ItemTool","cu","Item","net/minecraft/src","0"
"ImageBuffer","je","","net/minecraft/src","0"
"Container","cx","","net/minecraft/src","0"
"EntityPig","pt","EntityAnimal","net/minecraft/src","0"
"GuiSavingLevelString","af","","net/minecraft/src","0"
"GuiGameOver","tr","GuiScreen","net/minecraft/src","0"
"EnchantmentDurability","dd","Enchantment","net/minecraft/src","0"
"J_JsonNumberNodeBuilder","ace","","net/minecraft/src","0"
"GuiContainerCreative","rt","GuiContainer","net/minecraft/src","0"
"EntityMagmaCube","afx","EntitySlime","net/minecraft/src","0"
"Packet5PlayerInventory","sa","Packet","net/minecraft/src","0"
"BlockBrewingStand","vp","BlockContainer","net/minecraft/src","0"
"NoiseGeneratorOctaves","ns","NoiseGenerator","net/minecraft/src","0"
"Packet250CustomPayload","dz","Packet","net/minecraft/src","0"
"ItemBlock","tw","Item","net/minecraft/src","0"
"BlockPumpkin","vn","Block","net/minecraft/src","0"
"Packet30Entity","agk","Packet","net/minecraft/src","0"
"SorterStatsItem","er","","net/minecraft/src","0"
"StructureNetherBridgePieces","ig","","net/minecraft/src","0"
"J_JdomParser","fp","","net/minecraft/src","0"
"RenderLightningBolt","adf","Render","net/minecraft/src","0"
"InventoryBasic","lm","","net/minecraft/src","0"
"ItemFood","ajw","Item","net/minecraft/src","0"
"UnexpectedThrowable","im","","net/minecraft/src","0"
"EnchantmentOxygen","pb","Enchantment","net/minecraft/src","0"
"EnchantmentWaterWorker","ajc","Enchantment","net/minecraft/src","0"
"StatStringFormatKeyInv","gx","","net/minecraft/src","0"
"EntityThrowable","at","Entity","net/minecraft/src","0"
"Packet255KickDisconnect","ajq","Packet","net/minecraft/src","0"
"StatCrafting","agd","StatBase","net/minecraft/src","0"
"ItemBow","lu","Item","net/minecraft/src","0"
"J_JsonArrayNodeSelector","zs","J_LeafFunctor","net/minecraft/src","0"
"WorldGenBigTree","yd","WorldGenerator","net/minecraft/src","0"
"ItemSeeds","mb","Item","net/minecraft/src","0"
"SlotBrewingStandPotion","hy","Slot","net/minecraft/src","0"
"WorldGenGlowStone1","eq","WorldGenerator","net/minecraft/src","0"
"EntitySmokeFX","aiv","EntityFX","net/minecraft/src","0"
"EntityPickupFX","vg","EntityFX","net/minecraft/src","0"
"RecipesFood","acg","","net/minecraft/src","0"
"ContainerDispenser","afc","Container","net/minecraft/src","0"
"BlockSnowBlock","y","Block","net/minecraft/src","0"
"ComponentNetherBridgeEntrance","ok","ComponentNetherBridgePiece","net/minecraft/src","0"
"ModelSnowMan","dt","ModelBase","net/minecraft/src","0"
"EntityGhast","te","EntityFlying","net/minecraft/src","0"
"NBTTagLong","abb","NBTBase","net/minecraft/src","0"
"Empty3","ada","","net/minecraft/src","0"
"Packet131MapData","ag","Packet","net/minecraft/src","0"
"StructureNetherBridgeEnd","hm","ComponentNetherBridgePiece","net/minecraft/src","0"
"RenderSquid","vj","RenderLiving","net/minecraft/src","0"
"Particle","hi","","net/minecraft/src","0"
"EntityArrow","mr","Entity","net/minecraft/src","0"
"RegionFile","lh","","net/minecraft/src","0"
"GuiStats","cw","GuiScreen","net/minecraft/src","0"
"TexturePackBase","h","","net/minecraft/src","0"
"BlockRedstoneTorch","uf","BlockTorch","net/minecraft/src","0"
"BlockButton","jw","Block","net/minecraft/src","0"
"BlockBed","oo","Block","net/minecraft/src","0"
"NoiseGeneratorPerlin","ak","NoiseGenerator","net/minecraft/src","0"
"StatCollector","cs","","net/minecraft/src","0"
"J_ArrayNodeContainer","abj","","net/minecraft/src","0"
"GenLayer","vc","","net/minecraft/src","0"
"RenderFireball","zv","Render","net/minecraft/src","0"
"ThreadDownloadImage","afs","","net/minecraft/src","0"
"EntityCritFX","rm","EntityFX","net/minecraft/src","0"
"RegionFileCache","aem","","net/minecraft/src","0"
"ItemSpade","aht","ItemTool","net/minecraft/src","0"
"EnumJsonNodeTypeMappingHelper","ho","","net/minecraft/src","0"
"ComponentMineshaftRoom","rq","StructureComponent","net/minecraft/src","0"
"EnumArmorMaterial","ca","","net/minecraft/src","0"
"J_JsonNodeBuilders","afo","","net/minecraft/src","0"
"ComponentVillageHouse4_Garden","es","ComponentVillage","net/minecraft/src","0"
"GuiSlot","hs","","net/minecraft/src","0"
"MapItemRenderer","yo","","net/minecraft/src","0"
"ComponentNetherBridgeCorridor5","abw","ComponentNetherBridgePiece","net/minecraft/src","0"
"J_JsonArray","acj","J_JsonRootNode","net/minecraft/src","0"
"NBTTagEnd","ht","NBTBase","net/minecraft/src","0"
"EnchantmentData","ko","WeightedRandomChoice","net/minecraft/src","0"
"GenLayerRiverInit","jg","GenLayer","net/minecraft/src","0"
"GuiCreateWorld","vt","GuiScreen","net/minecraft/src","0"
"RenderPainting","db","Render","net/minecraft/src","0"
"IStatType","pw","","net/minecraft/src","0"
"BlockPistonBase","zf","Block","net/minecraft/src","0"
"ModelLargeChest","tm","ModelChest","net/minecraft/src","0"
"Packet8UpdateHealth","dn","Packet","net/minecraft/src","0"
"CraftingManager","fk","","net/minecraft/src","0"
"FurnaceRecipes","ds","","net/minecraft/src","0"
"ComponentStrongholdStairsStraight","acc","ComponentStronghold","net/minecraft/src","0"
"GuiEnchantment","ro","GuiContainer","net/minecraft/src","0"
"EnumMovingObjectType","yw","","net/minecraft/src","0"
"ThreadDownloadResources","ce","","net/minecraft/src","0"
"J_JsonElementNodeSelector","adx","J_LeafFunctor","net/minecraft/src","0"
"NBTTagByte","ln","NBTBase","net/minecraft/src","0"
"EnchantmentLootBonus","kn","Enchantment","net/minecraft/src","0"
"WorldGenForest","j","WorldGenerator","net/minecraft/src","0"
"StructureComponent","gs","","net/minecraft/src","0"
"BlockDirt","acr","Block","net/minecraft/src","0"
"RenderSnowball","ck","Render","net/minecraft/src","0"
"ThreadPollServers","br","","net/minecraft/src","0"
"EntityAIWander","aav","EntityAIBase","net/minecraft/src","0"
"WeightedRandom","om","","net/minecraft/src","0"
"BlockCloth","vb","Block","net/minecraft/src","0"
"DamageSource","ll","","net/minecraft/src","0"
"RenderHelper","se","","net/minecraft/src","0"
"SaveFormatComparator","ol","","net/minecraft/src","0"
"Packet15Place","ez","Packet","net/minecraft/src","0"
"Packet18Animation","jo","Packet","net/minecraft/src","0"
"ComponentNetherBridgeCorridor","id","ComponentNetherBridgePiece","net/minecraft/src","0"
"RenderTNTPrimed","acn","Render","net/minecraft/src","0"
"RenderFallingSand","wy","Render","net/minecraft/src","0"
"ThreadRunIsoClient","np","","net/minecraft/src","0"
"TextureLavaFX","bo","TextureFX","net/minecraft/src","0"
"RecipesCrafting","zl","","net/minecraft/src","0"
"TileEntityNote","nk","TileEntity","net/minecraft/src","0"
"ShapedRecipes","yl","","net/minecraft/src","0"
"WorldSettings","fc","","net/minecraft/src","0"
"RenderFish","adi","Render","net/minecraft/src","0"
"GuiMainMenu","wc","GuiScreen","net/minecraft/src","0"
"EnumStatus","cc","","net/minecraft/src","0"
"EntityLightningBolt","d","EntityWeatherEffect","net/minecraft/src","0"
"StructurePieceTreasure","fq","WeightedRandomChoice","net/minecraft/src","0"
"GenLayerSmoothZoom","hz","GenLayer","net/minecraft/src","0"
"EntityMooshroom","ni","EntityCow","net/minecraft/src","0"
"WorldBlockPositionType","nj","","net/minecraft/src","0"
"BlockFarmland","ahh","Block","net/minecraft/src","0"
"ItemEnderPearl","zt","Item","net/minecraft/src","0"
"WorldProviderSurface","ma","WorldProvider","net/minecraft/src","0"
"RecipesDyes","jd","","net/minecraft/src","0"
"IThreadedFileIO","eo","","net/minecraft/src","0"
"Packet103SetSlot","fn","Packet","net/minecraft/src","0"
"Packet34EntityTeleport","lz","Packet","net/minecraft/src","0"
"NBTTagInt","adm","NBTBase","net/minecraft/src","0"
"Packet53BlockChange","no","Packet","net/minecraft/src","0"
"SlotArmor","adp","Slot","net/minecraft/src","0"
"EntityEnchantmentTableParticleFX","adb","EntityFX","net/minecraft/src","0"
"RenderMagmaCube","au","RenderLiving","net/minecraft/src","0"
"Profiler","ld","","net/minecraft/src","0"
"World","vq","","net/minecraft/src","0"
"SignModel","aek","ModelBase","net/minecraft/src","0"
"IWorldAccess","adj","","net/minecraft/src","0"
"EntityWeatherEffect","rk","Entity","net/minecraft/src","0"
"J_ChainedFunctor","ru","","net/minecraft/src","0"
"RenderBoat","dv","Render","net/minecraft/src","0"
"TileEntityRendererPiston","fo","TileEntitySpecialRenderer","net/minecraft/src","0"
"GenLayerZoom","ux","GenLayer","net/minecraft/src","0"
"EntitySheep","cn","EntityAnimal","net/minecraft/src","0"
"ChunkCache","dq","","net/minecraft/src","0"
"Packet19EntityAction","agb","Packet","net/minecraft/src","0"
"GLAllocation","ep","","net/minecraft/src","0"
"MapGenWaterlily","jh","WorldGenerator","net/minecraft/src","0"
"IntCache","ab","","net/minecraft/src","0"
"ChunkCoordIntPair","rl","","net/minecraft/src","0"
"RenderSilverfish","uj","RenderLiving","net/minecraft/src","0"
"ComponentVillageHouse2","ci","ComponentVillage","net/minecraft/src","0"
"ItemReed","aat","Item","net/minecraft/src","0"
"ItemGlassBottle","agj","Item","net/minecraft/src","0"
"J_FieldNodeContainer","abl","","net/minecraft/src","0"
"BlockContainer","aew","Block","net/minecraft/src","0"
"GuiScreenAddServer","wd","GuiScreen","net/minecraft/src","0"
"EntityJumpHelper","aci","","net/minecraft/src","0"
"GenLayerSmooth","fd","GenLayer","net/minecraft/src","0"
"MinecraftAppletImpl","n","Minecraft","net/minecraft/src","0"
"Packet52MultiBlockChange","aij","Packet","net/minecraft/src","0"
"NetworkMasterThread","ql","","net/minecraft/src","0"
"BlockMelon","dw","Block","net/minecraft/src","0"
"BlockChest","rp","BlockContainer","net/minecraft/src","0"
"EnchantmentModifierLiving","ra","","net/minecraft/src","0"
"J_JsonNodeSelectors","gu","","net/minecraft/src","0"
"ModelZombie","vf","ModelBiped","net/minecraft/src","0"
"ComponentStronghold","fa","StructureComponent","net/minecraft/src","0"
"ClippingHelperImpl","r","ClippingHelper","net/minecraft/src","0"
"EntityLookHelper","uo","","net/minecraft/src","0"
"EnumOS1","zc","","net/minecraft/src","0"
"BlockStairs","mw","Block","net/minecraft/src","0"
"Packet21PickupSpawn","jb","Packet","net/minecraft/src","0"
"BlockClay","aex","Block","net/minecraft/src","0"
"SlotEnchantmentTable","si","InventoryBasic","net/minecraft/src","0"
"ChestItemRenderHelper","cz","","net/minecraft/src","0"
"TerrainTextureManager","agr","","net/minecraft/src","0"
"J_JsonNodeList","v","","net/minecraft/src","0"
"RecipeSorter","hk","","net/minecraft/src","0"
"StructureNetherBridgeStart","aw","StructureStart","net/minecraft/src","0"
"J_NodeContainer","adq","","net/minecraft/src","0"
"Vec3D","bk","","net/minecraft/src","0"
"RenderEnderCrystal","hx","Render","net/minecraft/src","0"
"EntitySorter","gm","","net/minecraft/src","0"
"J_JsonRootNode","lg","J_JsonNode","net/minecraft/src","0"
"Packet25EntityPainting","pf","Packet","net/minecraft/src","0"
"Packet16BlockItemSwitch","xp","Packet","net/minecraft/src","0"
"NBTBase","fx","","net/minecraft/src","0"
"ContainerBrewingStand","ys","Container","net/minecraft/src","0"
"RenderVillager","xg","RenderLiving","net/minecraft/src","0"
"ItemDye","gz","Item","net/minecraft/src","0"
"Packet104WindowItems","zn","Packet","net/minecraft/src","0"
"ModelSlime","abr","ModelBase","net/minecraft/src","0"
"PotionHealth","agv","Potion","net/minecraft/src","0"
"J_JsonConstants","ox","J_JsonNode","net/minecraft/src","0"
"EntitySnowman","q","EntitySnowmanBase","net/minecraft/src","0"
"GuiCrafting","acm","GuiContainer","net/minecraft/src","0"
"EntityAIAttackOnCollide","av","EntityAIBase","net/minecraft/src","0"
"Timer","adr","","net/minecraft/src","0"
"BlockFire","ajp","Block","net/minecraft/src","0"
"BiomeCache","op","","net/minecraft/src","0"
"EntityCrit2FX","fl","EntityFX","net/minecraft/src","0"
"ComponentStrongholdCorridor","jt","ComponentStronghold","net/minecraft/src","0"
"BlockTorch","ow","Block","net/minecraft/src","0"
"StepSoundSand","ah","StepSound","net/minecraft/src","0"
"GuiBrewingStand","gt","GuiContainer","net/minecraft/src","0"
"EnchantmentDamage","aab","Enchantment","net/minecraft/src","0"
"BlockEnchantmentTable","wr","BlockContainer","net/minecraft/src","0"
"BiomeEndDecorator","aba","BiomeDecorator","net/minecraft/src","0"
"ThreadSleepForever","gw","","net/minecraft/src","0"
"MouseFilter","cb","","net/minecraft/src","0"
"J_JsonNodeDoesNotMatchJsonNodeSelectorException","z","","net/minecraft/src","0"
"WorldGenerator","kr","","net/minecraft/src","0"
"BlockGlass","vu","BlockBreakable","net/minecraft/src","0"
"ComponentNetherBridgeStartPiece","adz","ComponentNetherBridgeCrossing3","net/minecraft/src","0"
"EntityFlameFX","lr","EntityFX","net/minecraft/src","0"
"NetHandler","nh","","net/minecraft/src","0"
"EntitySilverfish","pq","EntityMob","net/minecraft/src","0"
"EnchantmentFireAspect","aaj","Enchantment","net/minecraft/src","0"
"EntityAILookIdle","bb","EntityAIBase","net/minecraft/src","0"
"Packet39AttachEntity","abu","Packet","net/minecraft/src","0"
"RenderBlaze","qc","RenderLiving","net/minecraft/src","0"
"Packet50PreChunk","afa","Packet","net/minecraft/src","0"
"ComponentNetherBridgeCorridor3","rj","ComponentNetherBridgePiece","net/minecraft/src","0"
"ModelSquid","pz","ModelBase","net/minecraft/src","0"
"ChunkProviderFlat","wo","","net/minecraft/src","0"
"EntityOtherPlayerMP","qx","EntityPlayer","net/minecraft/src","0"
"EnumCreatureType","aah","","net/minecraft/src","0"
"TileEntityMobSpawnerRenderer","ad","TileEntitySpecialRenderer","net/minecraft/src","0"
"EntityLargeExplodeFX","ia","EntityFX","net/minecraft/src","0"
"SlotFurnace","ahl","Slot","net/minecraft/src","0"
"WorldGenCactus","wg","WorldGenerator","net/minecraft/src","0"
"StatList","gl","","net/minecraft/src","0"
"ICamera","ajo","","net/minecraft/src","0"
"Packet70Bed","tn","Packet","net/minecraft/src","0"
"GuiAchievement","pg","Gui","net/minecraft/src","0"
"EntityReddustFX","ye","EntityFX","net/minecraft/src","0"
"ModelPig","dg","ModelQuadruped","net/minecraft/src","0"
"ChunkFile","dc","","net/minecraft/src","0"
"OsMap","nn","","net/minecraft/src","0"
"GenLayerZoomVoronoi","zq","GenLayer","net/minecraft/src","0"
"MapGenMineshaft","ajb","MapGenStructure","net/minecraft/src","0"
"NoiseGenerator","cj","","net/minecraft/src","0"
"WorldGenHellLava","le","WorldGenerator","net/minecraft/src","0"
"Packet11PlayerPosition","ae","Packet10Flying","net/minecraft/src","0"
"RenderXPOrb","sb","Render","net/minecraft/src","0"
"MathHelper","ga","","net/minecraft/src","0"
"BiomeGenHell","sd","BiomeGenBase","net/minecraft/src","0"
"EntityMob","xd","EntityCreature","net/minecraft/src","0"
"BlockSandStone","lw","Block","net/minecraft/src","0"
"TileEntityDispenser","ax","TileEntity","net/minecraft/src","0"
"EntityHeartFX","zo","EntityFX","net/minecraft/src","0"
"GuiChat","wm","GuiScreen","net/minecraft/src","0"
"GuiUnused","tq","GuiScreen","net/minecraft/src","0"
"ModelEnderCrystal","ajv","ModelBase","net/minecraft/src","0"
"ItemLeaves","oj","ItemBlock","net/minecraft/src","0"
"ContainerChest","bm","Container","net/minecraft/src","0"
"BlockReed","ael","Block","net/minecraft/src","0"
"GuiSlotLanguage","wq","GuiSlot","net/minecraft/src","0"
"TexturePackList","fy","","net/minecraft/src","0"
"ComponentNetherBridgeCrossing2","ajh","ComponentNetherBridgePiece","net/minecraft/src","0"
"ItemMonsterPlacer","aaw","Item","net/minecraft/src","0"
"TexturePortalFX","xs","TextureFX","net/minecraft/src","0"
"EntityDropParticleFX","fs","EntityFX","net/minecraft/src","0"
"Packet254ServerPing","up","Packet","net/minecraft/src","0"
"Chunk","aal","","net/minecraft/src","0"
"GenLayerShore","yh","GenLayer","net/minecraft/src","0"
"J_JsonNodeBuilder","aac","","net/minecraft/src","0"
"StructureStrongholdStart","ahg","StructureStart","net/minecraft/src","0"
"EnumMobType","aeu","","net/minecraft/src","0"
"NBTTagList","mu","NBTBase","net/minecraft/src","0"
"GenLayerTemperature","adu","GenLayer","net/minecraft/src","0"
"EnchantmentModifierDamage","hq","","net/minecraft/src","0"
"ItemSword","lf","Item","net/minecraft/src","0"
"WorldProviderHell","ahv","WorldProvider","net/minecraft/src","0"
"TileEntityChest","gq","TileEntity","net/minecraft/src","0"
"WorldGenBigMushroom","pp","WorldGenerator","net/minecraft/src","0"
"BlockSapling","xh","BlockFlower","net/minecraft/src","0"
"Packet71Weather","vm","Packet","net/minecraft/src","0"
"WorldGenTrees","re","WorldGenerator","net/minecraft/src","0"
"GenLayerZoomFuzzy","aie","GenLayer","net/minecraft/src","0"
"Packet32EntityLook","mj","Packet30Entity","net/minecraft/src","0"
"IInventory","ic","","net/minecraft/src","0"
"StructureStart","oi","","net/minecraft/src","0"
"RenderEnderman","rv","RenderLiving","net/minecraft/src","0"
"ContainerFurnace","tc","Container","net/minecraft/src","0"
"NetworkWriterThread","qp","","net/minecraft/src","0"
"GenLayerDownfallMix","agl","GenLayer","net/minecraft/src","0"
"EnumJsonNodeType","sq","","net/minecraft/src","0"
"J_ObjectNodeContainer","abi","","net/minecraft/src","0"
"ItemBucket","az","Item","net/minecraft/src","0"
"BlockLog","or","Block","net/minecraft/src","0"
"StatBase","ahm","","net/minecraft/src","0"
"DragonPart","da","Entity","net/minecraft/src","0"
"J_CompactJsonFormatter","di","","net/minecraft/src","0"
"ModelCow","xj","ModelQuadruped","net/minecraft/src","0"
"BlockOreStorage","rw","Block","net/minecraft/src","0"
"WeightedRandomChoice","bw","","net/minecraft/src","0"
"RecipesWeapons","aiq","","net/minecraft/src","0"
"J_JsonNode","ex","","net/minecraft/src","0"
"RenderSpider","ajy","RenderLiving","net/minecraft/src","0"
"ProfilerResult","yi","","net/minecraft/src","0"
"TexturePackDefault","kl","TexturePackBase","net/minecraft/src","0"
"ComponentVillageHouse3","wj","ComponentVillage","net/minecraft/src","0"
"PlayerController","js","","net/minecraft/src","0"
"BiomeGenBeach","mm","BiomeGenBase","net/minecraft/src","0"
"EntityNoteFX","aa","EntityFX","net/minecraft/src","0"
"GuiDispenser","ew","GuiContainer","net/minecraft/src","0"
"RenderChicken","gd","RenderLiving","net/minecraft/src","0"
"EntityChicken","qg","EntityAnimal","net/minecraft/src","0"
"PlayerCapabilities","px","","net/minecraft/src","0"
"ItemPickaxe","as","ItemTool","net/minecraft/src","0"
"IEnchantmentModifier","t","","net/minecraft/src","0"
"ModelSilverfish","agp","ModelBase","net/minecraft/src","0"
"RenderEngine","yz","","net/minecraft/src","0"
"EntityExplodeFX","xc","EntityFX","net/minecraft/src","0"
"IStatStringFormat","xa","","net/minecraft/src","0"
"Tessellator","aby","","net/minecraft/src","0"
"RenderSorter","ii","","net/minecraft/src","0"
"ChunkCoordinates","td","","net/minecraft/src","0"
"BlockVine","acl","Block","net/minecraft/src","0"
"ChatLine","my","","net/minecraft/src","0"
"ChunkFolderPattern","bu","","net/minecraft/src","0"
"AchievementList","dk","","net/minecraft/src","0"
"IRecipe","ut","","net/minecraft/src","0"
"MD5String","xi","","net/minecraft/src","0"
"GameWindowListener","gy","","net/minecraft/src","0"
"ColorizerGrass","xy","","net/minecraft/src","0"
"ChunkProviderHell","aea","","net/minecraft/src","0"
"WorldChunkManagerHell","ff","WorldChunkManager","net/minecraft/src","0"
"ItemMetadata","zd","ItemBlock","net/minecraft/src","0"
"RenderEndPortal","ki","TileEntitySpecialRenderer","net/minecraft/src","0"
"BlockGravel","jc","BlockSand","net/minecraft/src","0"
"J_JsonObjectNodeBuilder","na","","net/minecraft/src","0"
"ItemAxe","nc","ItemTool","net/minecraft/src","0"
"EntityZombie","agy","EntityMob","net/minecraft/src","0"
"EntityEnderPearl","abv","EntityThrowable","net/minecraft/src","0"
"TileEntitySignRenderer","ku","TileEntitySpecialRenderer","net/minecraft/src","0"
"ChunkProvider","jx","","net/minecraft/src","0"
"ItemSign","aha","Item","net/minecraft/src","0"
"EnumEnchantmentType","lj","","net/minecraft/src","0"
"EntityWaterMob","so","EntityCreature","net/minecraft/src","0"
"WorldGenReed","yj","WorldGenerator","net/minecraft/src","0"
"ModelQuadruped","jp","ModelBase","net/minecraft/src","0"
"StructureMineshaftStart","ahw","StructureStart","net/minecraft/src","0"
"Packet17Sleep","zm","Packet","net/minecraft/src","0"
"IsoImageBuffer","lx","","net/minecraft/src","0"
"GuiDisconnected","dr","GuiScreen","net/minecraft/src","0"
"ItemCloth","sz","ItemBlock","net/minecraft/src","0"
"ModelChicken","afm","ModelBase","net/minecraft/src","0"
"J_JsonEscapedString","ajs","","net/minecraft/src","0"
"BlockPortal","aj","BlockBreakable","net/minecraft/src","0"
"GuiTextField","aer","Gui","net/minecraft/src","0"
"EntityHugeExplodeFX","ail","EntityFX","net/minecraft/src","0"
"PlayerControllerMP","qn","PlayerController","net/minecraft/src","0"
"RenderEntity","if","Render","net/minecraft/src","0"
"BlockTrapDoor","kc","Block","net/minecraft/src","0"
"ThreadStatSyncherSend","ot","","net/minecraft/src","0"
"PathNavigate","qk","","net/minecraft/src","0"
"J_JsonNodeSelector","zh","","net/minecraft/src","0"
"ItemMap","qd","ItemMapBase","net/minecraft/src","0"
"EntityTNTPrimed","aeg","Entity","net/minecraft/src","0"
"EntityPainting","ls","Entity","net/minecraft/src","0"
"Packet22Collect","ul","Packet","net/minecraft/src","0"
"EnumWorldType","um","","net/minecraft/src","0"
"BlockBookshelf","fb","Block","net/minecraft/src","0"
"TileEntityRenderer","aai","","net/minecraft/src","0"
"ItemAppleGold","ri","ItemFood","net/minecraft/src","0"
"BlockFurnace","afl","BlockContainer","net/minecraft/src","0"
"WorldProvider","aip","","net/minecraft/src","0"
"BlockSnow","gp","Block","net/minecraft/src","0"
"BlockEndPortalFrame","ajt","Block","net/minecraft/src","0"
"BlockLever","aiy","Block","net/minecraft/src","0"
"ComponentNetherBridgeCrossing","ahn","ComponentNetherBridgePiece","net/minecraft/src","0"
"J_PositionTrackingPushbackReader","aaf","","net/minecraft/src","0"
"Packet10Flying","fw","Packet","net/minecraft/src","0"
"EntitySnowShovelFX","iw","EntityFX","net/minecraft/src","0"
"StatTypeDistance","bf","","net/minecraft/src","0"
"RecipesTools","xe","","net/minecraft/src","0"
"BlockLilyPad","wl","BlockFlower","net/minecraft/src","0"
"GenLayerDownfall","ou","GenLayer","net/minecraft/src","0"
"J_JsonNullNodeBuilder","agg","","net/minecraft/src","0"
"InventoryLargeChest","jv","","net/minecraft/src","0"
"MapGenBase","we","","net/minecraft/src","0"
"BlockSign","nw","BlockContainer","net/minecraft/src","0"
"J_JsonObject","hf","J_JsonRootNode","net/minecraft/src","0"
"BlockMushroomCap","oz","Block","net/minecraft/src","0"
"MaterialLogic","sl","Material","net/minecraft/src","0"
"ComponentStrongholdRoomCrossing","aaa","ComponentStronghold","net/minecraft/src","0"
"BlockCauldron","vw","Block","net/minecraft/src","0"
"PanelCrashReport","to","","net/minecraft/src","0"
"BiomeGenSwamp","afp","BiomeGenBase","net/minecraft/src","0"
"MovementInput","ob","","net/minecraft/src","0"
"Packet200Statistic","ju","Packet","net/minecraft/src","0"
"SpawnerAnimals","ty","","net/minecraft/src","0"
"WorldGenTaiga2","qe","WorldGenerator","net/minecraft/src","0"
"BlockSilverfish","aed","Block","net/minecraft/src","0"
"EntityDiggingFX","lk","EntityFX","net/minecraft/src","0"
"ContainerWorkbench","yk","Container","net/minecraft/src","0"
"NetworkManager","kp","","net/minecraft/src","0"
"TextureCompassFX","ss","TextureFX","net/minecraft/src","0"
"ComponentVillageWell","adh","ComponentVillage","net/minecraft/src","0"
"ContainerPlayer","w","Container","net/minecraft/src","0"
"GuiMultiplayer","aap","GuiScreen","net/minecraft/src","0"
"EntityFireball","bn","Entity","net/minecraft/src","0"
"WorldChunkManager","qu","","net/minecraft/src","0"
"ComponentVillageHall","p","ComponentVillage","net/minecraft/src","0"
"BlockDeadBush","gi","BlockFlower","net/minecraft/src","0"
"ItemSaddle","mi","Item","net/minecraft/src","0"
"EnchantmentHelper","agn","","net/minecraft/src","0"
"StatTypeSimple","bj","","net/minecraft/src","0"
"Packet61DoorChange","ee","Packet","net/minecraft/src","0"
"EntityCow","tj","EntityAnimal","net/minecraft/src","0"
"Empty2","ya","","net/minecraft/src","0"
"GuiWorldSlot","il","GuiSlot","net/minecraft/src","0"
"Enchantment","jf","","net/minecraft/src","0"
"MapGenNetherBridge","zx","MapGenStructure","net/minecraft/src","0"
"TileEntitySpecialRenderer","yu","","net/minecraft/src","0"
"BlockDispenser","aix","BlockContainer","net/minecraft/src","0"
"EnumRarity","fh","","net/minecraft/src","0"
"EnchantmentArrowDamage","aey","Enchantment","net/minecraft/src","0"
"BiomeGenTaiga","rr","BiomeGenBase","net/minecraft/src","0"
"BlockPane","aig","Block","net/minecraft/src","0"
"ThreadConnectToServer","aio","","net/minecraft/src","0"
"BlockEndPortal","sc","BlockContainer","net/minecraft/src","0"
"Packet51MapChunk","vd","Packet","net/minecraft/src","0"
"ComponentVillageRoadPiece","bz","ComponentVillage","net/minecraft/src","0"
"CanvasCrashReport","aik","","net/minecraft/src","0"
"Packet9Respawn","kg","Packet","net/minecraft/src","0"
"RenderCreeper","rx","RenderLiving","net/minecraft/src","0"
"RenderSheep","ajd","RenderLiving","net/minecraft/src","0"
"IntHashMapEntry","py","","net/minecraft/src","0"
"IntHashMap","zk","","net/minecraft/src","0"
"ItemMapBase","tx","Item","net/minecraft/src","0"
"NibbleArray","pu","","net/minecraft/src","0"
"BlockStoneBrick","aeh","Block","net/minecraft/src","0"
"EntityBoat","ej","Entity","net/minecraft/src","0"
"Block","oe","","net/minecraft/src","0"
"GuiButton","zr","Gui","net/minecraft/src","0"
"LongHashMap","eh","","net/minecraft/src","0"
"Packet40EntityMetadata","oh","Packet","net/minecraft/src","0"
"EnchantmentNameParts","gn","","net/minecraft/src","0"
"ComponentNetherBridgeCorridor4","iz","ComponentNetherBridgePiece","net/minecraft/src","0"
"ComponentNetherBridgeCorridor2","ui","ComponentNetherBridgePiece","net/minecraft/src","0"
"EntityBlaze","abg","EntityMob","net/minecraft/src","0"
"MapData","ym","WorldSavedData","net/minecraft/src","0"
"J_JsonStringNodeSelector","zw","J_LeafFunctor","net/minecraft/src","0"
"BlockFlower","pn","Block","net/minecraft/src","0"
"StringTranslate","abn","","net/minecraft/src","0"
"GameSettings","hh","","net/minecraft/src","0"
"Frustrum","mv","","net/minecraft/src","0"
"BlockMobSpawner","cg","BlockContainer","net/minecraft/src","0"
"RenderGhast","kv","RenderLiving","net/minecraft/src","0"
"Packet0KeepAlive","aax","Packet","net/minecraft/src","0"
"Packet60Explosion","aep","Packet","net/minecraft/src","0"
"MinecraftException","ags","","net/minecraft/src","0"
"WorldSavedData","xn","","net/minecraft/src","0"
"FoodStats","mk","","net/minecraft/src","0"
"GuiRenameWorld","za","GuiScreen","net/minecraft/src","0"
"ItemFlintAndSteel","ajj","Item","net/minecraft/src","0"
"WorldGenSpikes","acf","WorldGenerator","net/minecraft/src","0"
"RedstoneUpdateInfo","aja","","net/minecraft/src","0"
"SlotEnchantment","rn","Slot","net/minecraft/src","0"
"EntityDamageSourceIndirect","fm","EntityDamageSource","net/minecraft/src","0"
"J_JsonListener","ahz","","net/minecraft/src","0"
"StructurePieceBlockSelector","tk","","net/minecraft/src","0"
"RenderEnchantmentTable","ek","TileEntitySpecialRenderer","net/minecraft/src","0"
"MapGenCaves","afg","MapGenBase","net/minecraft/src","0"
"EntityList","yr","","net/minecraft/src","0"
"EntitySplashFX","nb","EntityRainFX","net/minecraft/src","0"
"BlockPistonExtension","rs","Block","net/minecraft/src","0"
"ChunkProviderEnd","vy","","net/minecraft/src","0"
"RenderMooshroom","cf","RenderLiving","net/minecraft/src","0"
"ComponentMineshaftStairs","hn","StructureComponent","net/minecraft/src","0"
"BlockGlowStone","ie","Block","net/minecraft/src","0"
"ModelSpider","ml","ModelBase","net/minecraft/src","0"
"GenLayerTemperatureMix","cp","GenLayer","net/minecraft/src","0"
"J_JsonObjectNodeSelector","adv","J_LeafFunctor","net/minecraft/src","0"
"ColorizerWater","xw","","net/minecraft/src","0"
"NBTTagByteArray","xo","NBTBase","net/minecraft/src","0"
"ComponentVillageStartPiece","g","ComponentVillageWell","net/minecraft/src","0"
"ModelCreeper","fz","ModelBase","net/minecraft/src","0"
"ComponentStrongholdLibrary","abf","ComponentStronghold","net/minecraft/src","0"
"SaveHandlerMP","aim","","net/minecraft/src","0"
"ChunkProviderGenerate","aji","","net/minecraft/src","0"
"WorldGenClay","it","WorldGenerator","net/minecraft/src","0"
"BlockLadder","cr","Block","net/minecraft/src","0"
"RenderPlayer","us","RenderLiving","net/minecraft/src","0"
"GuiConnecting","aho","GuiScreen","net/minecraft/src","0"
"IsomPreviewApplet","IsomPreviewApplet","","net/minecraft/isom","0"
"MinecraftApplet","MinecraftApplet","","net/minecraft/client","0"
"Minecraft","Minecraft","","net/minecraft/client","0"
"EntityEnderCrystal","gk","Entity","net/minecraft/src","1"
"RecipesArmor","ab","","net/minecraft/src","1"
"BiomeGenHills","sp","BiomeGenBase","net/minecraft/src","1"
"ComponentVillage","tj","StructureComponent","net/minecraft/src","1"
"Packet1Login","nx","Packet","net/minecraft/src","1"
"StatTypeTime","bv","","net/minecraft/src","1"
"IProgressUpdate","yi","","net/minecraft/src","1"
"EntityDragonBase","vc","EntityLiving","net/minecraft/src","1"
"InventoryCraftResult","wq","","net/minecraft/src","1"
"SaveOldDir","mw","PlayerNBTManager","net/minecraft/src","1"
"ItemHoe","le","Item","net/minecraft/src","1"
"Packet54PlayNoteBlock","vv","Packet","net/minecraft/src","1"
"BlockNetherrack","yr","Block","net/minecraft/src","1"
"IBlockAccess","xw","","net/minecraft/src","1"
"EntityEnderman","mp","EntityMob","net/minecraft/src","1"
"IPlayerFileData","it","","net/minecraft/src","1"
"BlockRedstoneRepeater","ww","Block","net/minecraft/src","1"
"Packet2Handshake","mo","Packet","net/minecraft/src","1"
"ItemRecord","tf","Item","net/minecraft/src","1"
"WorldGenFlowers","bk","WorldGenerator","net/minecraft/src","1"
"BlockTallGrass","rj","BlockFlower","net/minecraft/src","1"
"ComponentStrongholdCrossing","vj","ComponentStronghold","net/minecraft/src","1"
"EnchantmentArrowKnockback","vy","Enchantment","net/minecraft/src","1"
"ThreadedFileIOBase","cy","","net/minecraft/src","1"
"EntityFlying","wy","EntityLiving","net/minecraft/src","1"
"EnumCreatureAttribute","bw","","net/minecraft/src","1"
"RegionFileChunkBuffer","in","","net/minecraft/src","1"
"NetworkReaderThread","xs","","net/minecraft/src","1"
"MaterialPortal","ou","Material","net/minecraft/src","1"
"Packet106Transaction","oi","Packet","net/minecraft/src","1"
"INavigate","fp","","net/minecraft/src","1"
"MovingObjectPosition","uv","","net/minecraft/src","1"
"BlockTNT","ak","Block","net/minecraft/src","1"
"Material","ls","","net/minecraft/src","1"
"ComponentNetherBridgeStraight","eb","ComponentNetherBridgePiece","net/minecraft/src","1"
"BlockStationary","nv","BlockFluid","net/minecraft/src","1"
"ChunkPosition","wk","","net/minecraft/src","1"
"BlockLeavesBase","np","Block","net/minecraft/src","1"
"NextTickListEntry","qo","","net/minecraft/src","1"
"InventoryCrafting","mq","","net/minecraft/src","1"
"ComponentStrongholdRightTurn","os","ComponentStrongholdLeftTurn","net/minecraft/src","1"
"EntityPigZombie","yh","EntityZombie","net/minecraft/src","1"
"Facing","wo","","net/minecraft/src","1"
"GenLayerSnow","bc","GenLayer","net/minecraft/src","1"
"ItemStack","jm","","net/minecraft/src","1"
"ItemPotion","gc","Item","net/minecraft/src","1"
"Packet31RelEntityMove","sk","Packet30Entity","net/minecraft/src","1"
"SaveFormatOld","td","","net/minecraft/src","1"
"EntityAITaskEntry","vq","","net/minecraft/src","1"
"MaterialWeb","kb","Material","net/minecraft/src","1"
"BlockFence","kg","Block","net/minecraft/src","1"
"MapGenStructure","rd","MapGenBase","net/minecraft/src","1"
"BlockLeaves","br","BlockLeavesBase","net/minecraft/src","1"
"BlockNote","pn","BlockContainer","net/minecraft/src","1"
"BlockLockedChest","ku","Block","net/minecraft/src","1"
"BiomeGenDesert","sn","BiomeGenBase","net/minecraft/src","1"
"StructureVillagePieceWeight","fe","","net/minecraft/src","1"
"EnchantmentDigging","dw","Enchantment","net/minecraft/src","1"
"EnumDoorHelper","aw","","net/minecraft/src","1"
"EntityFallingSand","ke","Entity","net/minecraft/src","1"
"ChunkFilePattern","rg","","net/minecraft/src","1"
"ItemEnderEye","uw","Item","net/minecraft/src","1"
"Packet28EntityVelocity","he","Packet","net/minecraft/src","1"
"ComponentVillagePathGen","tg","ComponentVillageRoadPiece","net/minecraft/src","1"
"MapGenStronghold","gi","MapGenStructure","net/minecraft/src","1"
"ServerWindowAdapter","ad","","net/minecraft/src","1"
"WorldGenDeadBush","kv","WorldGenerator","net/minecraft/src","1"
"ISaveHandler","xc","","net/minecraft/src","1"
"BlockFenceGate","um","Block","net/minecraft/src","1"
"Packet130UpdateSign","tv","Packet","net/minecraft/src","1"
"WorldProviderEnd","lm","WorldProvider","net/minecraft/src","1"
"ComponentNetherBridgeCrossing3","qa","ComponentNetherBridgePiece","net/minecraft/src","1"
"ItemPainting","yu","Item","net/minecraft/src","1"
"EntityAIBase","xd","","net/minecraft/src","1"
"EnchantmentKnockback","pr","Enchantment","net/minecraft/src","1"
"WorldGenDungeons","fc","WorldGenerator","net/minecraft/src","1"
"WorldGenSand","gu","WorldGenerator","net/minecraft/src","1"
"BlockCactus","oo","Block","net/minecraft/src","1"
"PacketCount","wj","","net/minecraft/src","1"
"EntityPlayer","hk","EntityLiving","net/minecraft/src","1"
"ItemColored","xj","ItemBlock","net/minecraft/src","1"
"BiomeGenBase","km","","net/minecraft/src","1"
"MaterialLiquid","rx","Material","net/minecraft/src","1"
"SaveConverterMcRegion","hz","SaveFormatOld","net/minecraft/src","1"
"Packet12PlayerLook","va","Packet10Flying","net/minecraft/src","1"
"ContainerEnchantment","jb","Container","net/minecraft/src","1"
"Packet6SpawnPosition","qs","Packet","net/minecraft/src","1"
"BlockBreakable","jz","Block","net/minecraft/src","1"
"BiomeGenSnow","pq","BiomeGenBase","net/minecraft/src","1"
"IChunkProvider","cr","","net/minecraft/src","1"
"TileEntityEndPortal","cn","TileEntity","net/minecraft/src","1"
"EntityXPOrb","ct","Entity","net/minecraft/src","1"
"ComponentStrongholdPortalRoom","lr","ComponentStronghold","net/minecraft/src","1"
"StructureBoundingBox","vw","","net/minecraft/src","1"
"BlockMushroom","sx","BlockFlower","net/minecraft/src","1"
"PathFinder","gn","","net/minecraft/src","1"
"EntityDragon","tq","EntityDragonBase","net/minecraft/src","1"
"WorldGenLakes","dr","WorldGenerator","net/minecraft/src","1"
"IUpdatePlayerListBox","fl","","net/minecraft/src","1"
"LongHashMapEntry","qj","","net/minecraft/src","1"
"RConThreadBase","vo","","net/minecraft/src","1"
"WorldGenLiquids","xv","WorldGenerator","net/minecraft/src","1"
"BlockObsidian","fm","BlockStone","net/minecraft/src","1"
"WorldGenTallGrass","au","WorldGenerator","net/minecraft/src","1"
"Packet13PlayerLookMove","ff","Packet10Flying","net/minecraft/src","1"
"StructureStrongholdPieceWeight3","ay","StructureStrongholdPieceWeight","net/minecraft/src","1"
"BlockIce","nj","BlockBreakable","net/minecraft/src","1"
"TileEntityMobSpawner","dj","TileEntity","net/minecraft/src","1"
"EnchantmentArrowFire","hi","Enchantment","net/minecraft/src","1"
"Packet107CreativeSetSlot","ef","Packet","net/minecraft/src","1"
"PlayerInstance","an","","net/minecraft/src","1"
"ComponentStrongholdStairs2","x","ComponentStrongholdStairs","net/minecraft/src","1"
"EntityWolf","hc","EntityAnimal","net/minecraft/src","1"
"ItemDoor","il","Item","net/minecraft/src","1"
"WorldInfo","ev","","net/minecraft/src","1"
"Packet","kq","","net/minecraft/src","1"
"EntitySnowball","ch","EntityThrowable","net/minecraft/src","1"
"ItemShears","bu","Item","net/minecraft/src","1"
"EntityVillager","fu","EntityCreature","net/minecraft/src","1"
"Entity","se","","net/minecraft/src","1"
"StructureNetherBridgePieceWeight","si","","net/minecraft/src","1"
"IChunkLoader","bl","","net/minecraft/src","1"
"EntityAITasks","rq","","net/minecraft/src","1"
"EntitySnowmanBase","wv","EntityCreature","net/minecraft/src","1"
"BlockRedstoneOre","cb","Block","net/minecraft/src","1"
"StructureMineshaftPieces","jg","","net/minecraft/src","1"
"EnchantmentUntouching","lp","Enchantment","net/minecraft/src","1"
"NBTTagDouble","sm","NBTBase","net/minecraft/src","1"
"BlockDetectorRail","ph","BlockRail","net/minecraft/src","1"
"ChatAllowedCharacters","gg","","net/minecraft/src","1"
"AxisAlignedBB","fb","","net/minecraft/src","1"
"WorldGenMinable","ga","WorldGenerator","net/minecraft/src","1"
"ItemBucketMilk","ue","Item","net/minecraft/src","1"
"ComponentNetherBridgeNetherStalkRoom","fj","ComponentNetherBridgePiece","net/minecraft/src","1"
"GenLayerVillageLandscape","sy","GenLayer","net/minecraft/src","1"
"GenLayerSwampRivers","uy","GenLayer","net/minecraft/src","1"
"TileEntitySign","ys","TileEntity","net/minecraft/src","1"
"ComponentStrongholdLeftTurn","sz","ComponentStronghold","net/minecraft/src","1"
"BlockStone","ez","Block","net/minecraft/src","1"
"Packet100OpenWindow","jk","Packet","net/minecraft/src","1"
"ComponentNetherBridgeStairs","nk","ComponentNetherBridgePiece","net/minecraft/src","1"
"ComponentVillageWoodHut","zb","ComponentVillage","net/minecraft/src","1"
"Packet23VehicleSpawn","sf","Packet","net/minecraft/src","1"
"PathPoint","e","","net/minecraft/src","1"
"BiomeGenEnd","ip","BiomeGenBase","net/minecraft/src","1"
"EntitySlime","uf","EntityLiving","net/minecraft/src","1"
"Packet102WindowClick","qk","Packet","net/minecraft/src","1"
"ItemSoup","ci","ItemFood","net/minecraft/src","1"
"WorldGenSwamp","bp","WorldGenerator","net/minecraft/src","1"
"EntityEgg","vu","EntityThrowable","net/minecraft/src","1"
"ThreadLoginVerifier","ex","","net/minecraft/src","1"
"Packet43Experience","lk","Packet","net/minecraft/src","1"
"EnumDoor","qh","","net/minecraft/src","1"
"GenLayerMushroomIsland","ko","GenLayer","net/minecraft/src","1"
"MaterialTransparent","ly","Material","net/minecraft/src","1"
"ISaveFormat","nn","","net/minecraft/src","1"
"ComponentMineshaftCorridor","sq","StructureComponent","net/minecraft/src","1"
"EntityItem","ia","Entity","net/minecraft/src","1"
"GenLayerRiverMix","ws","GenLayer","net/minecraft/src","1"
"NBTTagShort","ty","NBTBase","net/minecraft/src","1"
"EnumToolMaterial","cd","","net/minecraft/src","1"
"BlockCake","tz","Block","net/minecraft/src","1"
"ItemBoat","ut","Item","net/minecraft/src","1"
"BlockPressurePlate","ce","Block","net/minecraft/src","1"
"SpawnListEntry","bq","WeightedRandomChoice","net/minecraft/src","1"
"EntitySkeleton","gj","EntityMob","net/minecraft/src","1"
"BlockFluid","rf","Block","net/minecraft/src","1"
"EnchantmentProtection","qu","Enchantment","net/minecraft/src","1"
"EnchantmentArrowInfinite","aa","Enchantment","net/minecraft/src","1"
"PathEntity","dp","","net/minecraft/src","1"
"BlockSoulSand","nz","Block","net/minecraft/src","1"
"TileEntityPiston","tx","TileEntity","net/minecraft/src","1"
"BlockJukeBox","gf","BlockContainer","net/minecraft/src","1"
"StepSoundStone","ap","StepSound","net/minecraft/src","1"
"ItemLilyPad","ra","ItemColored","net/minecraft/src","1"
"ItemSlab","ey","ItemBlock","net/minecraft/src","1"
"Packet42RemoveEntityEffect","nl","Packet","net/minecraft/src","1"
"ItemPiston","qf","ItemBlock","net/minecraft/src","1"
"Packet4UpdateTime","hy","Packet","net/minecraft/src","1"
"EntityFishHook","mc","Entity","net/minecraft/src","1"
"EntityAISwimming","ul","EntityAIBase","net/minecraft/src","1"
"EntityDamageSource","ht","DamageSource","net/minecraft/src","1"
"EnumArt","je","","net/minecraft/src","1"
"Packet29DestroyEntity","rk","Packet","net/minecraft/src","1"
"EnumSkyBlock","ep","","net/minecraft/src","1"
"GuiStatsComponent","lb","","net/minecraft/src","1"
"CompressedStreamTools","ba","","net/minecraft/src","1"
"BiomeCacheBlock","tt","","net/minecraft/src","1"
"ThreadedChunkLoader","or","","net/minecraft/src","1"
"EntitySpider","cu","EntityMob","net/minecraft/src","1"
"StructureVillageStart","gp","StructureStart","net/minecraft/src","1"
"EntityMinecart","yt","Entity","net/minecraft/src","1"
"ItemSnowball","ds","Item","net/minecraft/src","1"
"EntityAnimal","bm","EntityCreature","net/minecraft/src","1"
"EntityPotion","bx","EntityThrowable","net/minecraft/src","1"
"IMob","fr","","net/minecraft/src","1"
"BlockDoor","lg","Block","net/minecraft/src","1"
"WatchableObject","mh","","net/minecraft/src","1"
"BlockCrops","nh","BlockFlower","net/minecraft/src","1"
"RecipesIngots","tc","","net/minecraft/src","1"
"StepSound","dg","","net/minecraft/src","1"
"Packet7UseEntity","a","Packet","net/minecraft/src","1"
"RConUtils","iz","","net/minecraft/src","1"
"Packet105UpdateProgressbar","mx","Packet","net/minecraft/src","1"
"BiomeGenMushroomIsland","ja","BiomeGenBase","net/minecraft/src","1"
"SlotCrafting","ze","Slot","net/minecraft/src","1"
"MapStorage","hq","","net/minecraft/src","1"
"RConConsoleSource","wf","","net/minecraft/src","1"
"StructureStrongholdPieceWeight","sc","","net/minecraft/src","1"
"WorldGenFire","xz","WorldGenerator","net/minecraft/src","1"
"BlockStep","yy","Block","net/minecraft/src","1"
"ThreadCommandReader","dd","","net/minecraft/src","1"
"StatBasic","yl","StatBase","net/minecraft/src","1"
"BlockRedstoneWire","sd","Block","net/minecraft/src","1"
"BlockGrass","wx","Block","net/minecraft/src","1"
"Explosion","qn","","net/minecraft/src","1"
"ComponentStrongholdPrison","ov","ComponentStronghold","net/minecraft/src","1"
"ItemEgg","mn","Item","net/minecraft/src","1"
"StructureVillagePieces","yp","","net/minecraft/src","1"
"BlockRail","oz","Block","net/minecraft/src","1"
"ComponentVillageChurch","oq","ComponentVillage","net/minecraft/src","1"
"ComponentNetherBridgeThrone","vz","ComponentNetherBridgePiece","net/minecraft/src","1"
"MapGenRavine","xl","MapGenBase","net/minecraft/src","1"
"BlockOre","mt","Block","net/minecraft/src","1"
"BiomeGenPlains","ni","BiomeGenBase","net/minecraft/src","1"
"DataWatcher","tm","","net/minecraft/src","1"
"PotionHelper","ky","","net/minecraft/src","1"
"Packet20NamedEntitySpawn","mk","Packet","net/minecraft/src","1"
"SlotBrewingStandIngredient","di","Slot","net/minecraft/src","1"
"ItemCoal","rm","Item","net/minecraft/src","1"
"EntityEnderEye","cp","Entity","net/minecraft/src","1"
"Packet3Chat","pe","Packet","net/minecraft/src","1"
"TileEntityBrewingStand","yv","TileEntity","net/minecraft/src","1"
"EntityEggInfo","ks","","net/minecraft/src","1"
"BlockMycelium","yg","Block","net/minecraft/src","1"
"EntityGiantZombie","nt","EntityMob","net/minecraft/src","1"
"RConThreadQuery","tn","RConThreadBase","net/minecraft/src","1"
"Packet38EntityStatus","jr","Packet","net/minecraft/src","1"
"ItemArmor","wb","Item","net/minecraft/src","1"
"EnumAction","jq","","net/minecraft/src","1"
"ItemInWorldManager","ug","","net/minecraft/src","1"
"ComponentStrongholdStairs","ir","ComponentStronghold","net/minecraft/src","1"
"Packet33RelEntityMoveLook","pt","Packet30Entity","net/minecraft/src","1"
"AchievementMap","b","","net/minecraft/src","1"
"Potion","jc","","net/minecraft/src","1"
"ComponentVillageTorch","ot","ComponentVillage","net/minecraft/src","1"
"BlockSand","hf","Block","net/minecraft/src","1"
"StructureStrongholdStones","ux","StructurePieceBlockSelector","net/minecraft/src","1"
"WorldGenPumpkin","xi","WorldGenerator","net/minecraft/src","1"
"NBTTagCompound","nu","NBTBase","net/minecraft/src","1"
"WorldGenGlowStone2","rw","WorldGenerator","net/minecraft/src","1"
"EntityAIWatchClosest","ss","EntityAIBase","net/minecraft/src","1"
"Packet41EntityEffect","ee","Packet","net/minecraft/src","1"
"ComponentMineshaftCross","nm","StructureComponent","net/minecraft/src","1"
"ICrafting","eq","","net/minecraft/src","1"
"ItemFishingRod","df","Item","net/minecraft/src","1"
"EntitySquid","ya","EntityWaterMob","net/minecraft/src","1"
"BiomeGenForest","qr","BiomeGenBase","net/minecraft/src","1"
"EntityCaveSpider","hw","EntitySpider","net/minecraft/src","1"
"MapGenCavesHell","pj","MapGenBase","net/minecraft/src","1"
"NBTTagFloat","r","NBTBase","net/minecraft/src","1"
"PotionEffect","xu","","net/minecraft/src","1"
"ComponentStrongholdStraight","ok","ComponentStronghold","net/minecraft/src","1"
"ComponentNetherBridgePiece","js","StructureComponent","net/minecraft/src","1"
"TileEntityFurnace","sa","TileEntity","net/minecraft/src","1"
"EntityLiving","lx","Entity","net/minecraft/src","1"
"LayerIsland","oy","GenLayer","net/minecraft/src","1"
"ServerConfigurationManager","ig","","net/minecraft/src","1"
"IInvBasic","ik","","net/minecraft/src","1"
"TileEntityEnchantmentTable","co","TileEntity","net/minecraft/src","1"
"ChunkLoader","tb","","net/minecraft/src","1"
"GenLayerIsland","cl","GenLayer","net/minecraft/src","1"
"BlockWeb","re","Block","net/minecraft/src","1"
"ItemSapling","ms","ItemBlock","net/minecraft/src","1"
"ComponentVillageField","q","ComponentVillage","net/minecraft/src","1"
"EmptyChunk","ll","Chunk","net/minecraft/src","1"
"ThreadServerApplication","cz","","net/minecraft/src","1"
"ComponentVillageField2","vx","ComponentVillage","net/minecraft/src","1"
"NBTTagString","xn","NBTBase","net/minecraft/src","1"
"ChunkBlockMap","vd","","net/minecraft/src","1"
"GenLayerRiver","ic","GenLayer","net/minecraft/src","1"
"ShapelessRecipes","th","","net/minecraft/src","1"
"BlockSponge","xp","Block","net/minecraft/src","1"
"BlockStem","od","BlockFlower","net/minecraft/src","1"
"ItemMinecart","rb","Item","net/minecraft/src","1"
"BlockWorkbench","fx","Block","net/minecraft/src","1"
"Packet26EntityExpOrb","pi","Packet","net/minecraft/src","1"
"MapGenVillage","aq","MapGenStructure","net/minecraft/src","1"
"BiomeGenRiver","mz","BiomeGenBase","net/minecraft/src","1"
"Packet201PlayerInfo","em","Packet","net/minecraft/src","1"
"EntityCreature","ix","EntityLiving","net/minecraft/src","1"
"Teleporter","ua","","net/minecraft/src","1"
"BlockNetherStalk","yd","BlockFlower","net/minecraft/src","1"
"StructureStrongholdPieceWeight2","az","StructureStrongholdPieceWeight","net/minecraft/src","1"
"MapColor","ej","","net/minecraft/src","1"
"StructureStrongholdPieces","jy","","net/minecraft/src","1"
"RailLogic","vi","","net/minecraft/src","1"
"MapCoord","be","","net/minecraft/src","1"
"Achievement","nw","StatBase","net/minecraft/src","1"
"TileEntityRecordPlayer","eu","TileEntity","net/minecraft/src","1"
"GenLayerHills","at","GenLayer","net/minecraft/src","1"
"ComponentVillageHouse1","wa","ComponentVillage","net/minecraft/src","1"
"BiomeGenOcean","as","BiomeGenBase","net/minecraft/src","1"
"NetServerHandler","lf","NetHandler","net/minecraft/src","1"
"BiomeDecorator","gx","","net/minecraft/src","1"
"BlockDragonEgg","ei","Block","net/minecraft/src","1"
"ConsoleCommandHandler","su","","net/minecraft/src","1"
"BlockPistonMoving","uc","BlockContainer","net/minecraft/src","1"
"Path","lh","","net/minecraft/src","1"
"RConThreadMain","ps","RConThreadBase","net/minecraft/src","1"
"Item","hg","","net/minecraft/src","1"
"TileEntity","ow","","net/minecraft/src","1"
"BlockFlowing","om","BlockFluid","net/minecraft/src","1"
"ComponentStrongholdChestCorridor","hh","ComponentStronghold","net/minecraft/src","1"
"WorldGenTaiga1","pp","WorldGenerator","net/minecraft/src","1"
"InventoryPlayer","jl","","net/minecraft/src","1"
"Slot","hj","","net/minecraft/src","1"
"Direction","ju","","net/minecraft/src","1"
"ItemBed","lt","Item","net/minecraft/src","1"
"Packet108EnchantItem","pf","Packet","net/minecraft/src","1"
"EntityCreeper","gs","EntityMob","net/minecraft/src","1"
"Packet101CloseWindow","mm","Packet","net/minecraft/src","1"
"EntitySmallFireball","vs","EntityFireball","net/minecraft/src","1"
"Packet24MobSpawn","jw","Packet","net/minecraft/src","1"
"WorldManager","fv","","net/minecraft/src","1"
"ItemRedstone","is","Item","net/minecraft/src","1"
"ThreadedChunkLoaderPending","yo","","net/minecraft/src","1"
"Packet14BlockDig","kf","Packet","net/minecraft/src","1"
"MapInfo","rz","","net/minecraft/src","1"
"EntityMoveHelper","l","","net/minecraft/src","1"
"ItemTool","ec","Item","net/minecraft/src","1"
"Container","eh","","net/minecraft/src","1"
"EntityPig","wn","EntityAnimal","net/minecraft/src","1"
"EnchantmentDurability","en","Enchantment","net/minecraft/src","1"
"EntityMagmaCube","te","EntitySlime","net/minecraft/src","1"
"Packet5PlayerInventory","s","Packet","net/minecraft/src","1"
"BlockBrewingStand","fo","BlockContainer","net/minecraft/src","1"
"NoiseGeneratorOctaves","to","NoiseGenerator","net/minecraft/src","1"
"Packet250CustomPayload","fw","Packet","net/minecraft/src","1"
"ItemBlock","cq","Item","net/minecraft/src","1"
"BlockPumpkin","fn","Block","net/minecraft/src","1"
"Packet30Entity","tr","Packet","net/minecraft/src","1"
"StructureNetherBridgePieces","mi","","net/minecraft/src","1"
"InventoryBasic","qe","","net/minecraft/src","1"
"ItemFood","zd","Item","net/minecraft/src","1"
"EnchantmentOxygen","vn","Enchantment","net/minecraft/src","1"
"EnchantmentWaterWorker","yf","Enchantment","net/minecraft/src","1"
"EntityThrowable","bf","Entity","net/minecraft/src","1"
"Packet255KickDisconnect","yx","Packet","net/minecraft/src","1"
"StatCrafting","tl","StatBase","net/minecraft/src","1"
"ItemBow","qp","Item","net/minecraft/src","1"
"WorldGenBigTree","iv","WorldGenerator","net/minecraft/src","1"
"ItemSeeds","qz","Item","net/minecraft/src","1"
"SlotBrewingStandPotion","lv","Slot","net/minecraft/src","1"
"WorldGenGlowStone1","gw","WorldGenerator","net/minecraft/src","1"
"IServer","wl","","net/minecraft/src","1"
"PlayerListBox","n","","net/minecraft/src","1"
"RecipesFood","ob","","net/minecraft/src","1"
"ContainerDispenser","ry","Container","net/minecraft/src","1"
"BlockSnowBlock","ae","Block","net/minecraft/src","1"
"ComponentNetherBridgeEntrance","uo","ComponentNetherBridgePiece","net/minecraft/src","1"
"PlayerManager","xf","","net/minecraft/src","1"
"EntityGhast","ca","EntityFlying","net/minecraft/src","1"
"NBTTagLong","ml","NBTBase","net/minecraft/src","1"
"Empty3","pb","","net/minecraft/src","1"
"Packet131MapData","al","Packet","net/minecraft/src","1"
"StructureNetherBridgeEnd","la","ComponentNetherBridgePiece","net/minecraft/src","1"
"EntityArrow","sb","Entity","net/minecraft/src","1"
"RegionFile","py","","net/minecraft/src","1"
"ServerGuiCommandListener","af","","net/minecraft/src","1"
"BlockRedstoneTorch","dk","BlockTorch","net/minecraft/src","1"
"BlockButton","oh","Block","net/minecraft/src","1"
"BlockBed","uu","Block","net/minecraft/src","1"
"NoiseGeneratorPerlin","ar","NoiseGenerator","net/minecraft/src","1"
"StatCollector","dx","","net/minecraft/src","1"
"GenLayer","es","","net/minecraft/src","1"
"RegionFileCache","qy","","net/minecraft/src","1"
"ItemSpade","wd","ItemTool","net/minecraft/src","1"
"ComponentMineshaftRoom","h","StructureComponent","net/minecraft/src","1"
"EnumArmorMaterial","dc","","net/minecraft/src","1"
"ComponentVillageHouse4_Garden","gy","ComponentVillage","net/minecraft/src","1"
"ComponentNetherBridgeCorridor5","ns","ComponentNetherBridgePiece","net/minecraft/src","1"
"NBTTagEnd","lj","NBTBase","net/minecraft/src","1"
"EnchantmentData","pc","WeightedRandomChoice","net/minecraft/src","1"
"GenLayerRiverInit","nd","GenLayer","net/minecraft/src","1"
"IStatType","wp","","net/minecraft/src","1"
"BlockPistonBase","ka","Block","net/minecraft/src","1"
"Packet8UpdateHealth","fd","Packet","net/minecraft/src","1"
"GuiLogFormatter","io","","net/minecraft/src","1"
"CraftingManager","ib","","net/minecraft/src","1"
"FurnaceRecipes","fi","","net/minecraft/src","1"
"EntityTracker","vb","","net/minecraft/src","1"
"ComponentStrongholdStairsStraight","ny","ComponentStronghold","net/minecraft/src","1"
"EnumMovingObjectType","jt","","net/minecraft/src","1"
"ConsoleLogFormatter","wu","","net/minecraft/src","1"
"NBTTagByte","qg","NBTBase","net/minecraft/src","1"
"EnchantmentLootBonus","pa","Enchantment","net/minecraft/src","1"
"WorldGenForest","m","WorldGenerator","net/minecraft/src","1"
"StructureComponent","ki","","net/minecraft/src","1"
"BlockDirt","op","Block","net/minecraft/src","1"
"EntityPlayerMP","ft","EntityPlayer","net/minecraft/src","1"
"EntityAIWander","md","EntityAIBase","net/minecraft/src","1"
"ServerCommand","bb","","net/minecraft/src","1"
"WeightedRandom","uq","","net/minecraft/src","1"
"BlockCloth","er","Block","net/minecraft/src","1"
"DamageSource","qc","","net/minecraft/src","1"
"Packet15Place","hl","Packet","net/minecraft/src","1"
"Packet18Animation","no","Packet","net/minecraft/src","1"
"ComponentNetherBridgeCorridor","ma","ComponentNetherBridgePiece","net/minecraft/src","1"
"RecipesCrafting","kj","","net/minecraft/src","1"
"TileEntityNote","ta","TileEntity","net/minecraft/src","1"
"ShapedRecipes","ji","","net/minecraft/src","1"
"WorldSettings","hr","","net/minecraft/src","1"
"EnumStatus","dh","","net/minecraft/src","1"
"EntityLightningBolt","d","EntityWeatherEffect","net/minecraft/src","1"
"StructurePieceTreasure","im","WeightedRandomChoice","net/minecraft/src","1"
"GenLayerSmoothZoom","lu","GenLayer","net/minecraft/src","1"
"EntityMooshroom","sw","EntityCow","net/minecraft/src","1"
"BlockFarmland","vg","Block","net/minecraft/src","1"
"ItemEnderPearl","kp","Item","net/minecraft/src","1"
"WorldProviderSurface","qw","WorldProvider","net/minecraft/src","1"
"RecipesDyes","nc","","net/minecraft/src","1"
"IThreadedFileIO","gv","","net/minecraft/src","1"
"Packet103SetSlot","ii","Packet","net/minecraft/src","1"
"Packet34EntityTeleport","qv","Packet","net/minecraft/src","1"
"NBTTagInt","pm","NBTBase","net/minecraft/src","1"
"Packet53BlockChange","tk","Packet","net/minecraft/src","1"
"SlotArmor","po","Slot","net/minecraft/src","1"
"GuiLogOutputHandler","dz","","net/minecraft/src","1"
"Profiler","pu","","net/minecraft/src","1"
"World","fq","","net/minecraft/src","1"
"IWorldAccess","pl","","net/minecraft/src","1"
"EntityWeatherEffect","zf","Entity","net/minecraft/src","1"
"EntityTrackerEntry","ij","","net/minecraft/src","1"
"GenLayerZoom","eo","GenLayer","net/minecraft/src","1"
"EntitySheep","dt","EntityAnimal","net/minecraft/src","1"
"ChunkCache","fh","","net/minecraft/src","1"
"Packet19EntityAction","ti","Packet","net/minecraft/src","1"
"INpc","vm","","net/minecraft/src","1"
"MapGenWaterlily","ng","WorldGenerator","net/minecraft/src","1"
"IntCache","ah","","net/minecraft/src","1"
"ChunkCoordIntPair","zg","","net/minecraft/src","1"
"ComponentVillageHouse2","dn","ComponentVillage","net/minecraft/src","1"
"ItemReed","lz","Item","net/minecraft/src","1"
"ItemGlassBottle","tp","Item","net/minecraft/src","1"
"BlockContainer","rl","Block","net/minecraft/src","1"
"EntityJumpHelper","oe","","net/minecraft/src","1"
"GenLayerSmooth","hs","GenLayer","net/minecraft/src","1"
"Packet52MultiBlockChange","xg","Packet","net/minecraft/src","1"
"NetworkMasterThread","xq","","net/minecraft/src","1"
"BlockMelon","fs","Block","net/minecraft/src","1"
"BlockChest","f","BlockContainer","net/minecraft/src","1"
"EnchantmentModifierLiving","yn","","net/minecraft/src","1"
"ComponentStronghold","hn","StructureComponent","net/minecraft/src","1"
"EntityLookHelper","ea","","net/minecraft/src","1"
"BlockStairs","sj","Block","net/minecraft/src","1"
"Packet21PickupSpawn","nb","Packet","net/minecraft/src","1"
"BlockClay","ro","Block","net/minecraft/src","1"
"SlotEnchantmentTable","y","InventoryBasic","net/minecraft/src","1"
"RecipeSorter","kz","","net/minecraft/src","1"
"StructureNetherBridgeStart","bg","StructureStart","net/minecraft/src","1"
"Vec3D","cc","","net/minecraft/src","1"
"Packet25EntityPainting","vt","Packet","net/minecraft/src","1"
"IAnimals","aj","","net/minecraft/src","1"
"Packet16BlockItemSwitch","ih","Packet","net/minecraft/src","1"
"NBTBase","iw","","net/minecraft/src","1"
"ContainerBrewingStand","jp","Container","net/minecraft/src","1"
"ItemDye","kr","Item","net/minecraft/src","1"
"Packet104WindowItems","kl","Packet","net/minecraft/src","1"
"PotionHealth","uk","Potion","net/minecraft/src","1"
"EntitySnowman","v","EntitySnowmanBase","net/minecraft/src","1"
"EntityAIAttackOnCollide","bh","EntityAIBase","net/minecraft/src","1"
"PlayerNBTManager","gb","","net/minecraft/src","1"
"BlockFire","yw","Block","net/minecraft/src","1"
"BiomeCache","us","","net/minecraft/src","1"
"ComponentStrongholdCorridor","oa","ComponentStronghold","net/minecraft/src","1"
"NetworkAcceptThread","rn","","net/minecraft/src","1"
"BlockTorch","vh","Block","net/minecraft/src","1"
"StepSoundSand","am","StepSound","net/minecraft/src","1"
"EnchantmentDamage","kx","Enchantment","net/minecraft/src","1"
"BlockEnchantmentTable","hb","BlockContainer","net/minecraft/src","1"
"BiomeEndDecorator","mj","BiomeDecorator","net/minecraft/src","1"
"ThreadSleepForever","de","","net/minecraft/src","1"
"WorldGenerator","pg","","net/minecraft/src","1"
"BlockGlass","fz","BlockBreakable","net/minecraft/src","1"
"ComponentNetherBridgeStartPiece","pz","ComponentNetherBridgeCrossing3","net/minecraft/src","1"
"WorldServerMulti","hd","WorldServer","net/minecraft/src","1"
"NetHandler","sv","","net/minecraft/src","1"
"EntitySilverfish","wh","EntityMob","net/minecraft/src","1"
"EnchantmentFireAspect","lo","Enchantment","net/minecraft/src","1"
"ConvertProgressUpdater","da","","net/minecraft/src","1"
"EntityAILookIdle","bn","EntityAIBase","net/minecraft/src","1"
"Packet39AttachEntity","nq","Packet","net/minecraft/src","1"
"Packet50PreChunk","rv","Packet","net/minecraft/src","1"
"ComponentNetherBridgeCorridor3","zc","ComponentNetherBridgePiece","net/minecraft/src","1"
"ChunkProviderFlat","ha","","net/minecraft/src","1"
"EnumCreatureType","ln","","net/minecraft/src","1"
"SlotFurnace","vl","Slot","net/minecraft/src","1"
"WorldGenCactus","go","WorldGenerator","net/minecraft/src","1"
"StatList","jv","","net/minecraft/src","1"
"Packet70Bed","cj","Packet","net/minecraft/src","1"
"ChunkFile","el","","net/minecraft/src","1"
"GenLayerZoomVoronoi","kn","GenLayer","net/minecraft/src","1"
"MapGenMineshaft","ye","MapGenStructure","net/minecraft/src","1"
"NoiseGenerator","do","","net/minecraft/src","1"
"WorldGenHellLava","pv","WorldGenerator","net/minecraft/src","1"
"Packet11PlayerPosition","ai","Packet10Flying","net/minecraft/src","1"
"MathHelper","iy","","net/minecraft/src","1"
"BiomeGenHell","w","BiomeGenBase","net/minecraft/src","1"
"EntityMob","hm","EntityCreature","net/minecraft/src","1"
"BlockSandStone","qt","Block","net/minecraft/src","1"
"TileEntityDispenser","bi","TileEntity","net/minecraft/src","1"
"ItemLeaves","ui","ItemBlock","net/minecraft/src","1"
"ContainerChest","ck","Container","net/minecraft/src","1"
"BlockReed","qx","Block","net/minecraft/src","1"
"ComponentNetherBridgeCrossing2","yj","ComponentNetherBridgePiece","net/minecraft/src","1"
"ItemMonsterPlacer","mf","Item","net/minecraft/src","1"
"Packet254ServerPing","ed","Packet","net/minecraft/src","1"
"Chunk","lq","","net/minecraft/src","1"
"GenLayerShore","jd","GenLayer","net/minecraft/src","1"
"StructureStrongholdStart","ve","StructureStart","net/minecraft/src","1"
"EnumMobType","ri","","net/minecraft/src","1"
"NBTTagList","sg","NBTBase","net/minecraft/src","1"
"GenLayerTemperature","pw","GenLayer","net/minecraft/src","1"
"EnchantmentModifierDamage","ld","","net/minecraft/src","1"
"ItemSword","px","Item","net/minecraft/src","1"
"ConsoleLogManager","hx","","net/minecraft/src","1"
"WorldProviderHell","wg","WorldProvider","net/minecraft/src","1"
"TileEntityChest","kd","TileEntity","net/minecraft/src","1"
"WorldGenBigMushroom","we","WorldGenerator","net/minecraft/src","1"
"BlockSapling","hv","BlockFlower","net/minecraft/src","1"
"Packet71Weather","fk","Packet","net/minecraft/src","1"
"WorldGenTrees","yq","WorldGenerator","net/minecraft/src","1"
"GenLayerZoomFuzzy","xa","GenLayer","net/minecraft/src","1"
"Packet32EntityLook","rs","Packet30Entity","net/minecraft/src","1"
"IInventory","mb","","net/minecraft/src","1"
"StructureStart","uj","","net/minecraft/src","1"
"ContainerFurnace","bt","Container","net/minecraft/src","1"
"NetworkWriterThread","xt","","net/minecraft/src","1"
"GenLayerDownfallMix","ts","GenLayer","net/minecraft/src","1"
"ItemBucket","bj","Item","net/minecraft/src","1"
"BlockLog","uz","Block","net/minecraft/src","1"
"StatBase","vp","","net/minecraft/src","1"
"DragonPart","ek","Entity","net/minecraft/src","1"
"BlockOreStorage","o","Block","net/minecraft/src","1"
"NetworkListenThread","ew","","net/minecraft/src","1"
"WeightedRandomChoice","cv","","net/minecraft/src","1"
"RecipesWeapons","xm","","net/minecraft/src","1"
"ComponentVillageHouse3","gr","ComponentVillage","net/minecraft/src","1"
"BiomeGenBeach","ru","BiomeGenBase","net/minecraft/src","1"
"EntityChicken","xh","EntityAnimal","net/minecraft/src","1"
"PlayerCapabilities","wr","","net/minecraft/src","1"
"ItemPickaxe","bd","ItemTool","net/minecraft/src","1"
"IEnchantmentModifier","z","","net/minecraft/src","1"
"ChunkCoordinates","bz","","net/minecraft/src","1"
"BlockVine","ol","Block","net/minecraft/src","1"
"ChunkFolderPattern","cs","","net/minecraft/src","1"
"AchievementList","fa","","net/minecraft/src","1"
"IRecipe","eg","","net/minecraft/src","1"
"ChunkProviderHell","qd","","net/minecraft/src","1"
"WorldChunkManagerHell","hu","WorldChunkManager","net/minecraft/src","1"
"ItemMetadata","jx","ItemBlock","net/minecraft/src","1"
"BlockGravel","na","BlockSand","net/minecraft/src","1"
"ItemAxe","sl","ItemTool","net/minecraft/src","1"
"EntityZombie","un","EntityMob","net/minecraft/src","1"
"EntityEnderPearl","nr","EntityThrowable","net/minecraft/src","1"
"ChunkProvider","oj","","net/minecraft/src","1"
"ItemSign","ur","Item","net/minecraft/src","1"
"EnumEnchantmentType","qb","","net/minecraft/src","1"
"EntityWaterMob","ax","EntityCreature","net/minecraft/src","1"
"WorldGenReed","jf","WorldGenerator","net/minecraft/src","1"
"StructureMineshaftStart","wi","StructureStart","net/minecraft/src","1"
"Packet17Sleep","kk","Packet","net/minecraft/src","1"
"ItemCloth","bo","ItemBlock","net/minecraft/src","1"
"BlockPortal","ao","BlockBreakable","net/minecraft/src","1"
"BlockTrapDoor","on","Block","net/minecraft/src","1"
"PathNavigate","xo","","net/minecraft/src","1"
"ItemMap","wz","ItemMapBase","net/minecraft/src","1"
"EntityTNTPrimed","qm","Entity","net/minecraft/src","1"
"RConThreadQueryAuth","g","","net/minecraft/src","1"
"EntityPainting","ql","Entity","net/minecraft/src","1"
"Packet22Collect","dq","Packet","net/minecraft/src","1"
"EnumWorldType","du","","net/minecraft/src","1"
"BlockBookshelf","hp","Block","net/minecraft/src","1"
"ItemAppleGold","yz","ItemFood","net/minecraft/src","1"
"BlockFurnace","so","BlockContainer","net/minecraft/src","1"
"WorldProvider","xk","","net/minecraft/src","1"
"BlockSnow","kc","Block","net/minecraft/src","1"
"BlockEndPortalFrame","za","Block","net/minecraft/src","1"
"BlockLever","xy","Block","net/minecraft/src","1"
"ComponentNetherBridgeCrossing","vr","ComponentNetherBridgePiece","net/minecraft/src","1"
"Packet10Flying","iu","Packet","net/minecraft/src","1"
"StatTypeDistance","bs","","net/minecraft/src","1"
"RecipesTools","ho","","net/minecraft/src","1"
"BlockLilyPad","gt","BlockFlower","net/minecraft/src","1"
"GenLayerDownfall","vf","GenLayer","net/minecraft/src","1"
"InventoryLargeChest","og","","net/minecraft/src","1"
"MapGenBase","gm","","net/minecraft/src","1"
"BlockSign","tw","BlockContainer","net/minecraft/src","1"
"NetLoginHandler","gz","NetHandler","net/minecraft/src","1"
"BlockMushroomCap","vk","Block","net/minecraft/src","1"
"MaterialLogic","av","Material","net/minecraft/src","1"
"ComponentStrongholdRoomCrossing","kw","ComponentStronghold","net/minecraft/src","1"
"BlockCauldron","ge","Block","net/minecraft/src","1"
"BiomeGenSwamp","sr","BiomeGenBase","net/minecraft/src","1"
"RConOutputStream","fg","","net/minecraft/src","1"
"GuiStatsListener","lw","","net/minecraft/src","1"
"Packet200Statistic","of","Packet","net/minecraft/src","1"
"SpawnerAnimals","cx","","net/minecraft/src","1"
"WorldGenTaiga2","xb","WorldGenerator","net/minecraft/src","1"
"BlockSilverfish","qi","Block","net/minecraft/src","1"
"ContainerWorkbench","jh","Container","net/minecraft/src","1"
"NetworkManager","pd","","net/minecraft/src","1"
"PropertyManager","rh","","net/minecraft/src","1"
"ComponentVillageWell","pk","ComponentVillage","net/minecraft/src","1"
"ContainerPlayer","ac","Container","net/minecraft/src","1"
"EntityFireball","cm","Entity","net/minecraft/src","1"
"WorldChunkManager","yc","","net/minecraft/src","1"
"ComponentVillageHall","t","ComponentVillage","net/minecraft/src","1"
"BlockDeadBush","jn","BlockFlower","net/minecraft/src","1"
"ItemSaddle","rr","Item","net/minecraft/src","1"
"EnchantmentHelper","tu","","net/minecraft/src","1"
"StatTypeSimple","by","","net/minecraft/src","1"
"Packet61DoorChange","gd","Packet","net/minecraft/src","1"
"EntityCow","cf","EntityAnimal","net/minecraft/src","1"
"Empty2","iq","","net/minecraft/src","1"
"Enchantment","ne","","net/minecraft/src","1"
"MapGenNetherBridge","kt","MapGenStructure","net/minecraft/src","1"
"BlockDispenser","xx","BlockContainer","net/minecraft/src","1"
"EnchantmentArrowDamage","rp","Enchantment","net/minecraft/src","1"
"BiomeGenTaiga","i","BiomeGenBase","net/minecraft/src","1"
"BlockPane","xe","Block","net/minecraft/src","1"
"BlockEndPortal","u","BlockContainer","net/minecraft/src","1"
"Packet51MapChunk","et","Packet","net/minecraft/src","1"
"ComponentVillageRoadPiece","db","ComponentVillage","net/minecraft/src","1"
"Packet9Respawn","ox","Packet","net/minecraft/src","1"
"IntHashMapEntry","wt","","net/minecraft/src","1"
"IntHashMap","kh","","net/minecraft/src","1"
"ItemMapBase","cw","Item","net/minecraft/src","1"
"NibbleArray","wm","","net/minecraft/src","1"
"BlockStoneBrick","qq","Block","net/minecraft/src","1"
"EntityBoat","gq","Entity","net/minecraft/src","1"
"Block","ud","","net/minecraft/src","1"
"LongHashMap","gl","","net/minecraft/src","1"
"Packet40EntityMetadata","uh","Packet","net/minecraft/src","1"
"ComponentNetherBridgeCorridor4","my","ComponentNetherBridgePiece","net/minecraft/src","1"
"ComponentNetherBridgeCorridor2","dm","ComponentNetherBridgePiece","net/minecraft/src","1"
"EntityBlaze","mv","EntityMob","net/minecraft/src","1"
"MapData","jj","WorldSavedData","net/minecraft/src","1"
"BlockFlower","wc","Block","net/minecraft/src","1"
"StringTranslate","nf","","net/minecraft/src","1"
"ThreadMonitorConnection","xr","","net/minecraft/src","1"
"ServerGUI","up","","net/minecraft/src","1"
"ICommandListener","st","","net/minecraft/src","1"
"BlockMobSpawner","dl","BlockContainer","net/minecraft/src","1"
"Packet0KeepAlive","mg","Packet","net/minecraft/src","1"
"Packet60Explosion","rc","Packet","net/minecraft/src","1"
"MinecraftException","ub","","net/minecraft/src","1"
"WorldSavedData","id","","net/minecraft/src","1"
"RConThreadClient","p","RConThreadBase","net/minecraft/src","1"
"FoodStats","rt","","net/minecraft/src","1"
"ItemFlintAndSteel","yk","Item","net/minecraft/src","1"
"WorldGenSpikes","oc","WorldGenerator","net/minecraft/src","1"
"RedstoneUpdateInfo","yb","","net/minecraft/src","1"
"SlotEnchantment","c","Slot","net/minecraft/src","1"
"EntityDamageSourceIndirect","if","EntityDamageSource","net/minecraft/src","1"
"StructurePieceBlockSelector","cg","","net/minecraft/src","1"
"MapGenCaves","sh","MapGenBase","net/minecraft/src","1"
"ChunkProviderServer","li","","net/minecraft/src","1"
"EntityList","jo","","net/minecraft/src","1"
"BlockPistonExtension","k","Block","net/minecraft/src","1"
"ChunkProviderEnd","gh","","net/minecraft/src","1"
"ComponentMineshaftStairs","lc","StructureComponent","net/minecraft/src","1"
"BlockGlowStone","me","Block","net/minecraft/src","1"
"WorldServer","fy","World","net/minecraft/src","1"
"ServerGuiFocusAdapter","ag","","net/minecraft/src","1"
"GenLayerTemperatureMix","dv","GenLayer","net/minecraft/src","1"
"NBTTagByteArray","ie","NBTBase","net/minecraft/src","1"
"ComponentVillageStartPiece","j","ComponentVillageWell","net/minecraft/src","1"
"ComponentStrongholdLibrary","mu","ComponentStronghold","net/minecraft/src","1"
"ChunkProviderGenerate","ym","","net/minecraft/src","1"
"WorldGenClay","mr","WorldGenerator","net/minecraft/src","1"
"BlockLadder","dy","Block","net/minecraft/src","1"
"MinecraftServer","MinecraftServer","","net/minecraft/server","1"
